ISO-10303-21;
HEADER;
/* Generated by software containing ST-Developer
 * from STEP Tools, Inc. (www.steptools.com) 
 */

FILE_DESCRIPTION(
/* description */ (''),
/* implementation_level */ '2;1');

FILE_NAME(
/* name */ 'Stacking Foot.step',
/* time_stamp */ '2026-02-15T04:44:57+02:00',
/* author */ (''),
/* organization */ (''),
/* preprocessor_version */ 'ST-DEVELOPER v20.1',
/* originating_system */ 'Autodesk Translation Framework v14.21.0.0',
/* authorisation */ '');

FILE_SCHEMA (('AUTOMOTIVE_DESIGN { 1 0 10303 214 3 1 1 }'));
ENDSEC;

DATA;
#10=MECHANICAL_DESIGN_GEOMETRIC_PRESENTATION_REPRESENTATION('',(#108,#109,
#110,#111),#4557);
#11=ITEM_DEFINED_TRANSFORMATION($,$,#2403,#2620);
#12=ITEM_DEFINED_TRANSFORMATION($,$,#2431,#2621);
#13=ITEM_DEFINED_TRANSFORMATION($,$,#2459,#2622);
#14=ITEM_DEFINED_TRANSFORMATION($,$,#2402,#2623);
#15=(
REPRESENTATION_RELATIONSHIP($,$,#4578,#4577)
REPRESENTATION_RELATIONSHIP_WITH_TRANSFORMATION(#11)
SHAPE_REPRESENTATION_RELATIONSHIP()
);
#16=(
REPRESENTATION_RELATIONSHIP($,$,#4579,#4577)
REPRESENTATION_RELATIONSHIP_WITH_TRANSFORMATION(#12)
SHAPE_REPRESENTATION_RELATIONSHIP()
);
#17=(
REPRESENTATION_RELATIONSHIP($,$,#4580,#4577)
REPRESENTATION_RELATIONSHIP_WITH_TRANSFORMATION(#13)
SHAPE_REPRESENTATION_RELATIONSHIP()
);
#18=(
REPRESENTATION_RELATIONSHIP($,$,#4577,#4576)
REPRESENTATION_RELATIONSHIP_WITH_TRANSFORMATION(#14)
SHAPE_REPRESENTATION_RELATIONSHIP()
);
#19=CONTEXT_DEPENDENT_SHAPE_REPRESENTATION(#15,#4572);
#20=CONTEXT_DEPENDENT_SHAPE_REPRESENTATION(#16,#4573);
#21=CONTEXT_DEPENDENT_SHAPE_REPRESENTATION(#17,#4574);
#22=CONTEXT_DEPENDENT_SHAPE_REPRESENTATION(#18,#4575);
#23=NEXT_ASSEMBLY_USAGE_OCCURRENCE(
'Hexagon Socket Button Head Screw DIN EN ISO 7380-1 - M3 x 16 Stainles
s Steel A2 Plain v1:1',
'Hexagon Socket Button Head Screw DIN EN ISO 7380-1 - M3 x 16 Stainles
s Steel A2 Plain v1:1',
'Hexagon Socket Button Head Screw DIN EN ISO 7380-1 - M3 x 16 Stainles
s Steel A2 Plain v1:1',#4583,#4584,
'Hexagon Socket Button Head Screw DIN EN ISO 7380-1 - M3 x 16 Stainles
s Steel A2 Plain v1:1');
#24=NEXT_ASSEMBLY_USAGE_OCCURRENCE(
'Hexagon Socket Button Head Screw DIN EN ISO 7380-1 - M3 x 16 Stainles
s Steel A2 Plain v1 (1):1',
'Hexagon Socket Button Head Screw DIN EN ISO 7380-1 - M3 x 16 Stainles
s Steel A2 Plain v1 (1):1',
'Hexagon Socket Button Head Screw DIN EN ISO 7380-1 - M3 x 16 Stainles
s Steel A2 Plain v1 (1):1',#4583,#4585,
'Hexagon Socket Button Head Screw DIN EN ISO 7380-1 - M3 x 16 Stainles
s Steel A2 Plain v1 (1):1');
#25=NEXT_ASSEMBLY_USAGE_OCCURRENCE(
'Hexagon Socket Button Head Screw DIN EN ISO 7380-1 - M3 x 16 Stainles
s Steel A2 Plain v1 (2):1',
'Hexagon Socket Button Head Screw DIN EN ISO 7380-1 - M3 x 16 Stainles
s Steel A2 Plain v1 (2):1',
'Hexagon Socket Button Head Screw DIN EN ISO 7380-1 - M3 x 16 Stainles
s Steel A2 Plain v1 (2):1',#4583,#4586,
'Hexagon Socket Button Head Screw DIN EN ISO 7380-1 - M3 x 16 Stainles
s Steel A2 Plain v1 (2):1');
#26=NEXT_ASSEMBLY_USAGE_OCCURRENCE('Stacking Foot :1',
'Stacking Foot :1','Stacking Foot :1',#4582,#4583,'Stacking Foot :1');
#27=ELLIPSE('',#2544,2.5225338572532,2.);
#28=ELLIPSE('',#2555,15.1614567680097,2.);
#29=ELLIPSE('',#2557,2.00534593779067,2.);
#30=ELLIPSE('',#2559,385.885021735758,51.);
#31=ELLIPSE('',#2560,15.1327459504219,2.);
#32=ELLIPSE('',#2561,385.625790112651,49.);
#33=ELLIPSE('',#2578,2.00534593779066,2.);
#34=ELLIPSE('',#2580,15.1327459504216,2.);
#35=ELLIPSE('',#2582,2.00534593779067,2.);
#36=ELLIPSE('',#2583,15.1614567680094,2.);
#37=B_SPLINE_SURFACE_WITH_KNOTS('',3,3,((#3716,#3717,#3718,#3719,#3720),
(#3721,#3722,#3723,#3724,#3725),(#3726,#3727,#3728,#3729,#3730),(#3731,
#3732,#3733,#3734,#3735)),.UNSPECIFIED.,.F.,.F.,.F.,(4,4),(4,1,4),(-5.71077493164394E-7,
1.99213911240142),(0.00265919496273622,0.332481099557575,0.579847528003704),
 .UNSPECIFIED.);
#38=B_SPLINE_SURFACE_WITH_KNOTS('',3,3,((#3763,#3764,#3765,#3766,#3767),
(#3768,#3769,#3770,#3771,#3772),(#3773,#3774,#3775,#3776,#3777),(#3778,
#3779,#3780,#3781,#3782)),.UNSPECIFIED.,.F.,.F.,.F.,(4,4),(4,1,4),(0.,1.),
(-1.16448499623634,-0.485307610234222,0.420262237768597),.UNSPECIFIED.);
#39=B_SPLINE_SURFACE_WITH_KNOTS('',3,3,((#3824,#3825,#3826,#3827),(#3828,
#3829,#3830,#3831),(#3832,#3833,#3834,#3835),(#3836,#3837,#3838,#3839)),
 .UNSPECIFIED.,.F.,.F.,.F.,(4,4),(4,4),(0.,1.),(0.420262237768595,0.432245698295493),
 .UNSPECIFIED.);
#40=B_SPLINE_SURFACE_WITH_KNOTS('',3,3,((#3844,#3845,#3846,#3847),(#3848,
#3849,#3850,#3851),(#3852,#3853,#3854,#3855),(#3856,#3857,#3858,#3859)),
 .UNSPECIFIED.,.F.,.F.,.F.,(4,4),(4,4),(0.,1.),(0.,0.144707302184442),
 .UNSPECIFIED.);
#41=B_SPLINE_SURFACE_WITH_KNOTS('',3,3,((#3868,#3869,#3870,#3871),(#3872,
#3873,#3874,#3875),(#3876,#3877,#3878,#3879),(#3880,#3881,#3882,#3883)),
 .UNSPECIFIED.,.F.,.F.,.F.,(4,4),(4,4),(0.,1.),(5.547095866955,5.55288759481571),
 .UNSPECIFIED.);
#42=B_SPLINE_SURFACE_WITH_KNOTS('',3,3,((#3902,#3903,#3904,#3905),(#3906,
#3907,#3908,#3909),(#3910,#3911,#3912,#3913),(#3914,#3915,#3916,#3917)),
 .UNSPECIFIED.,.F.,.F.,.F.,(4,4),(4,4),(0.,1.),(0.144707302184442,0.152315702782625),
 .UNSPECIFIED.);
#43=B_SPLINE_SURFACE_WITH_KNOTS('',3,3,((#3922,#3923,#3924,#3925,#3926),
(#3927,#3928,#3929,#3930,#3931),(#3932,#3933,#3934,#3935,#3936),(#3937,
#3938,#3939,#3940,#3941)),.UNSPECIFIED.,.F.,.F.,.F.,(4,4),(4,1,4),(-8.25478521604246E-15,
1.99213911238758),(0.,0.247515935781666,0.577537183490555),
 .UNSPECIFIED.);
#44=B_SPLINE_SURFACE_WITH_KNOTS('',3,3,((#3967,#3968,#3969,#3970),(#3971,
#3972,#3973,#3974),(#3975,#3976,#3977,#3978),(#3979,#3980,#3981,#3982)),
 .UNSPECIFIED.,.F.,.F.,.F.,(4,4),(4,4),(0.,1.),(-0.215403527405537,-0.207636935762894),
 .UNSPECIFIED.);
#45=B_SPLINE_SURFACE_WITH_KNOTS('',3,3,((#3987,#3988,#3989,#3990),(#3991,
#3992,#3993,#3994),(#3995,#3996,#3997,#3998),(#3999,#4000,#4001,#4002)),
 .UNSPECIFIED.,.F.,.F.,.F.,(4,4),(4,4),(0.,1.),(-2.44788984627087,-2.44012325463674),
 .UNSPECIFIED.);
#46=B_SPLINE_SURFACE_WITH_KNOTS('',3,3,((#4007,#4008,#4009,#4010),(#4011,
#4012,#4013,#4014),(#4015,#4016,#4017,#4018),(#4019,#4020,#4021,#4022),
(#4023,#4024,#4025,#4026)),.UNSPECIFIED.,.F.,.F.,.F.,(4,1,4),(4,4),(0.,
0.571428571428571,1.),(0.766814165592597,2.54622843890691),
 .UNSPECIFIED.);
#47=B_SPLINE_SURFACE_WITH_KNOTS('',3,3,((#4110,#4111,#4112,#4113),(#4114,
#4115,#4116,#4117),(#4118,#4119,#4120,#4121),(#4122,#4123,#4124,#4125)),
 .UNSPECIFIED.,.F.,.F.,.F.,(4,4),(4,4),(0.,1.),(-0.795557989180691,-0.739586486763567),
 .UNSPECIFIED.);
#48=B_SPLINE_SURFACE_WITH_KNOTS('',3,3,((#4178,#4179,#4180,#4181),(#4182,
#4183,#4184,#4185),(#4186,#4187,#4188,#4189),(#4190,#4191,#4192,#4193),
(#4194,#4195,#4196,#4197)),.UNSPECIFIED.,.F.,.F.,.F.,(4,1,4),(4,4),(0.,
0.571428571428571,1.),(0.420562412497808,2.1999766857275),.UNSPECIFIED.);
#49=B_SPLINE_SURFACE_WITH_KNOTS('',3,3,((#4283,#4284,#4285,#4286,#4287,
#4288),(#4289,#4290,#4291,#4292,#4293,#4294),(#4295,#4296,#4297,#4298,#4299,
#4300),(#4301,#4302,#4303,#4304,#4305,#4306)),.UNSPECIFIED.,.F.,.F.,.F.,
(4,4),(4,1,1,4),(0.,1.),(-1.54169427495626,-0.981135272728751,-0.420576270501245,
0.420262232840015),.UNSPECIFIED.);
#50=B_SPLINE_SURFACE_WITH_KNOTS('',3,3,((#4325,#4326,#4327,#4328),(#4329,
#4330,#4331,#4332),(#4333,#4334,#4335,#4336),(#4337,#4338,#4339,#4340)),
 .UNSPECIFIED.,.F.,.F.,.F.,(4,4),(4,4),(0.,1.),(-1.5707963267949,-1.54169427495626),
 .UNSPECIFIED.);
#51=B_SPLINE_SURFACE_WITH_KNOTS('',3,3,((#4358,#4359,#4360,#4361),(#4362,
#4363,#4364,#4365),(#4366,#4367,#4368,#4369),(#4370,#4371,#4372,#4373)),
 .UNSPECIFIED.,.F.,.F.,.F.,(4,4),(4,4),(0.,1.),(0.420262232840016,0.432245698295481),
 .UNSPECIFIED.);
#52=B_SPLINE_SURFACE_WITH_KNOTS('',3,3,((#4382,#4383,#4384,#4385),(#4386,
#4387,#4388,#4389),(#4390,#4391,#4392,#4393),(#4394,#4395,#4396,#4397)),
 .UNSPECIFIED.,.F.,.F.,.F.,(4,4),(4,4),(0.,1.),(0.432245698295489,1.54169427578646),
 .UNSPECIFIED.);
#53=B_SPLINE_SURFACE_WITH_KNOTS('',3,3,((#4411,#4412,#4413,#4414),(#4415,
#4416,#4417,#4418),(#4419,#4420,#4421,#4422),(#4423,#4424,#4425,#4426)),
 .UNSPECIFIED.,.F.,.F.,.F.,(4,4),(4,4),(0.,1.),(-2.92826014831124,-2.92579499011889),
 .UNSPECIFIED.);
#54=B_SPLINE_SURFACE_WITH_KNOTS('',3,3,((#4435,#4436,#4437,#4438),(#4439,
#4440,#4441,#4442),(#4443,#4444,#4445,#4446),(#4447,#4448,#4449,#4450)),
 .UNSPECIFIED.,.F.,.F.,.F.,(4,4),(4,4),(0.,1.),(1.54169427578646,1.57079632679489),
 .UNSPECIFIED.);
#55=B_SPLINE_CURVE_WITH_KNOTS('',3,(#3491,#3492,#3493,#3494,#3495,#3496,
#3497),.UNSPECIFIED.,.F.,.F.,(4,3,4),(-0.0784151782339754,-0.0364798547540675,
-0.0163026444412714),.UNSPECIFIED.);
#56=B_SPLINE_CURVE_WITH_KNOTS('',3,(#3501,#3502,#3503,#3504,#3505,#3506,
#3507,#3508,#3509,#3510),.UNSPECIFIED.,.F.,.F.,(4,3,3,4),(-0.180503564456616,
-0.177400214400799,-0.135378255730185,-0.118413951297334),.UNSPECIFIED.);
#57=B_SPLINE_CURVE_WITH_KNOTS('',3,(#3514,#3515,#3516,#3517,#3518),
 .UNSPECIFIED.,.F.,.F.,(4,1,4),(0.,0.247515935781666,0.332114176725581),
 .UNSPECIFIED.);
#58=B_SPLINE_CURVE_WITH_KNOTS('',3,(#3520,#3521,#3522,#3523),
 .UNSPECIFIED.,.F.,.F.,(4,4),(-0.215403527405537,-0.207636935762894),
 .UNSPECIFIED.);
#59=B_SPLINE_CURVE_WITH_KNOTS('',3,(#3531,#3532,#3533,#3534),
 .UNSPECIFIED.,.F.,.F.,(4,4),(0.144707302184442,0.152315702782625),
 .UNSPECIFIED.);
#60=B_SPLINE_CURVE_WITH_KNOTS('',3,(#3536,#3537,#3538,#3539),
 .UNSPECIFIED.,.F.,.F.,(4,4),(0.,0.144707302184442),.UNSPECIFIED.);
#61=B_SPLINE_CURVE_WITH_KNOTS('',3,(#3541,#3542,#3543,#3544),
 .UNSPECIFIED.,.F.,.F.,(4,4),(5.547095866955,5.55288759481571),
 .UNSPECIFIED.);
#62=B_SPLINE_CURVE_WITH_KNOTS('',3,(#3548,#3549,#3550,#3551),
 .UNSPECIFIED.,.F.,.F.,(4,4),(0.420262237768595,0.432245698295493),
 .UNSPECIFIED.);
#63=B_SPLINE_CURVE_WITH_KNOTS('',3,(#3553,#3554,#3555,#3556,#3557),
 .UNSPECIFIED.,.F.,.F.,(4,1,4),(-0.925293701394322,-0.485307610234222,0.420262237768597),
 .UNSPECIFIED.);
#64=B_SPLINE_CURVE_WITH_KNOTS('',3,(#3565,#3566,#3567,#3568),
 .UNSPECIFIED.,.F.,.F.,(4,4),(-2.44788984627087,-2.44012325463674),
 .UNSPECIFIED.);
#65=B_SPLINE_CURVE_WITH_KNOTS('',3,(#3569,#3570,#3571,#3572,#3573),
 .UNSPECIFIED.,.F.,.F.,(4,1,4),(0.247972551655852,0.332481099557575,0.579847528003704),
 .UNSPECIFIED.);
#66=B_SPLINE_CURVE_WITH_KNOTS('',3,(#3695,#3696,#3697,#3698),
 .UNSPECIFIED.,.F.,.F.,(4,4),(-1.57079632679489,-1.54169427578646),
 .UNSPECIFIED.);
#67=B_SPLINE_CURVE_WITH_KNOTS('',3,(#3738,#3739,#3740,#3741,#3742,#3743,
#3744,#3745,#3746,#3747,#3748,#3749),.UNSPECIFIED.,.F.,.F.,(4,2,2,2,2,4),
(0.,0.0562043985962056,0.144196169365894,0.167558972536874,0.179607276902005,
0.187036082006406),.UNSPECIFIED.);
#68=B_SPLINE_CURVE_WITH_KNOTS('',3,(#3750,#3751,#3752,#3753,#3754,#3755),
 .UNSPECIFIED.,.F.,.F.,(4,2,4),(0.16022166337186,0.290773655484318,0.293948654040721),
 .UNSPECIFIED.);
#69=B_SPLINE_CURVE_WITH_KNOTS('',3,(#3758,#3759,#3760,#3761,#3762),
 .UNSPECIFIED.,.F.,.F.,(4,1,4),(-0.579847528003704,-0.332481099557575,-0.00265919496273622),
 .UNSPECIFIED.);
#70=B_SPLINE_CURVE_WITH_KNOTS('',3,(#3786,#3787,#3788,#3789,#3790),
 .UNSPECIFIED.,.F.,.F.,(4,1,4),(-0.420262237768597,0.485307610234222,1.16448499445562),
 .UNSPECIFIED.);
#71=B_SPLINE_CURVE_WITH_KNOTS('',3,(#3791,#3792,#3793,#3794,#3795,#3796,
#3797,#3798,#3799,#3800,#3801,#3802,#3803),.UNSPECIFIED.,.F.,.F.,(4,3,3,
3,4),(0.,0.0215610872766515,0.0352424765793739,0.0552711744705898,0.0724880025198881),
 .UNSPECIFIED.);
#72=B_SPLINE_CURVE_WITH_KNOTS('',3,(#3840,#3841,#3842,#3843),
 .UNSPECIFIED.,.F.,.F.,(4,4),(-0.432245698295493,-0.420262237768595),
 .UNSPECIFIED.);
#73=B_SPLINE_CURVE_WITH_KNOTS('',3,(#3863,#3864,#3865,#3866),
 .UNSPECIFIED.,.F.,.F.,(4,4),(-0.144707302184442,0.),.UNSPECIFIED.);
#74=B_SPLINE_CURVE_WITH_KNOTS('',3,(#3884,#3885,#3886,#3887),
 .UNSPECIFIED.,.F.,.F.,(4,4),(-5.55288759481571,-5.547095866955),
 .UNSPECIFIED.);
#75=B_SPLINE_CURVE_WITH_KNOTS('',3,(#3918,#3919,#3920,#3921),
 .UNSPECIFIED.,.F.,.F.,(4,4),(-0.152315702782625,-0.144707302184442),
 .UNSPECIFIED.);
#76=B_SPLINE_CURVE_WITH_KNOTS('',3,(#3944,#3945,#3946,#3947,#3948,#3949,
#3950,#3951,#3952,#3953,#3954,#3955),.UNSPECIFIED.,.F.,.F.,(4,2,2,2,2,4),
(0.00262180298136167,0.0115230960362898,0.0265078951459279,0.0555132013294761,
0.120367053621907,0.189607774574428),.UNSPECIFIED.);
#77=B_SPLINE_CURVE_WITH_KNOTS('',3,(#3957,#3958,#3959,#3960,#3961),
 .UNSPECIFIED.,.F.,.F.,(4,1,4),(-0.577537183348833,-0.247515935781666,0.),
 .UNSPECIFIED.);
#78=B_SPLINE_CURVE_WITH_KNOTS('',3,(#3963,#3964,#3965,#3966),
 .UNSPECIFIED.,.F.,.F.,(4,4),(0.189780659737315,0.277709744601496),
 .UNSPECIFIED.);
#79=B_SPLINE_CURVE_WITH_KNOTS('',3,(#3983,#3984,#3985,#3986),
 .UNSPECIFIED.,.F.,.F.,(4,4),(0.207636935762894,0.215403527405537),
 .UNSPECIFIED.);
#80=B_SPLINE_CURVE_WITH_KNOTS('',3,(#4003,#4004,#4005,#4006),
 .UNSPECIFIED.,.F.,.F.,(4,4),(2.44012325463674,2.44788984627087),
 .UNSPECIFIED.);
#81=B_SPLINE_CURVE_WITH_KNOTS('',3,(#4028,#4029,#4030,#4031),
 .UNSPECIFIED.,.F.,.F.,(4,4),(0.855878384240268,2.54622843890691),
 .UNSPECIFIED.);
#82=B_SPLINE_CURVE_WITH_KNOTS('',3,(#4033,#4034,#4035,#4036,#4037,#4038,
#4039,#4040,#4041,#4042,#4043,#4044,#4045,#4046,#4047,#4048,#4049,#4050,
#4051,#4052,#4053,#4054,#4055,#4056,#4057,#4058,#4059,#4060,#4061,#4062,
#4063,#4064,#4065,#4066,#4067,#4068,#4069,#4070,#4071,#4072,#4073,#4074,
#4075,#4076,#4077,#4078,#4079,#4080,#4081,#4082,#4083,#4084),
 .UNSPECIFIED.,.F.,.F.,(4,3,3,3,3,3,3,3,3,3,3,3,3,3,3,3,3,4),(0.,0.0430591118550885,
0.0874193471486821,0.132246573784219,0.177178950195146,0.193882095796606,
0.238822890905024,0.283997455102849,0.3289063068267,0.343293870639895,0.388345137727667,
0.391427249937914,0.436223669521216,0.48147060634709,0.496920157056022,
0.54223234427116,0.587282396359846,0.602638329923252),.UNSPECIFIED.);
#83=B_SPLINE_CURVE_WITH_KNOTS('',3,(#4085,#4086,#4087,#4088),
 .UNSPECIFIED.,.F.,.F.,(4,4),(-2.45784467368807,-0.766814165592597),
 .UNSPECIFIED.);
#84=B_SPLINE_CURVE_WITH_KNOTS('',3,(#4129,#4130,#4131,#4132,#4133,#4134,
#4135,#4136,#4137,#4138,#4139,#4140,#4141,#4142,#4143,#4144,#4145,#4146,
#4147,#4148,#4149,#4150,#4151,#4152,#4153,#4154,#4155,#4156),
 .UNSPECIFIED.,.F.,.F.,(4,3,3,3,3,3,3,3,3,4),(-0.159232188916043,-0.137151705871489,
-0.114682309885773,-0.0920547843290754,-0.0809035374062379,-0.0583096270450662,
-0.0404515061205672,-0.0180625804636865,0.,0.00064992970605555),
 .UNSPECIFIED.);
#85=B_SPLINE_CURVE_WITH_KNOTS('',3,(#4157,#4158,#4159,#4160),
 .UNSPECIFIED.,.F.,.F.,(4,4),(0.485403240164736,0.487607399763625),
 .UNSPECIFIED.);
#86=B_SPLINE_CURVE_WITH_KNOTS('',3,(#4173,#4174,#4175,#4176),
 .UNSPECIFIED.,.F.,.F.,(4,4),(0.420562412497808,2.11091246704864),
 .UNSPECIFIED.);
#87=B_SPLINE_CURVE_WITH_KNOTS('',3,(#4199,#4200,#4201,#4202),
 .UNSPECIFIED.,.F.,.F.,(4,4),(-2.1999766857275,-0.508946177738312),
 .UNSPECIFIED.);
#88=B_SPLINE_CURVE_WITH_KNOTS('',3,(#4203,#4204,#4205,#4206,#4207,#4208,
#4209,#4210,#4211,#4212,#4213,#4214,#4215,#4216,#4217,#4218,#4219,#4220,
#4221,#4222,#4223,#4224,#4225,#4226,#4227,#4228,#4229,#4230,#4231,#4232,
#4233,#4234,#4235,#4236,#4237,#4238,#4239,#4240,#4241,#4242,#4243,#4244,
#4245,#4246,#4247,#4248,#4249,#4250,#4251,#4252,#4253,#4254),
 .UNSPECIFIED.,.F.,.F.,(4,3,3,3,3,3,3,3,3,3,3,3,3,3,3,3,3,4),(0.,0.0446209927422886,
0.0900099301131696,0.135379562555634,0.180072714867075,0.202025419873738,
0.247123454142076,0.259945105572651,0.305011297739119,0.350229408962506,
0.395089991697583,0.402190812448615,0.447179056807438,0.491733827851285,
0.502739902071077,0.547363040793637,0.591161228580181,0.602966419628685),
 .UNSPECIFIED.);
#89=B_SPLINE_CURVE_WITH_KNOTS('',3,(#4311,#4312,#4313,#4314,#4315,#4316),
 .UNSPECIFIED.,.F.,.F.,(4,1,1,4),(-1.54169427495626,-0.981135272728751,
-0.420576270501245,0.420262232840015),.UNSPECIFIED.);
#90=B_SPLINE_CURVE_WITH_KNOTS('',3,(#4319,#4320,#4321,#4322,#4323,#4324),
 .UNSPECIFIED.,.F.,.F.,(4,1,1,4),(-0.420262232840015,0.420576270501245,
0.981135272728751,1.54169427495626),.UNSPECIFIED.);
#91=B_SPLINE_CURVE_WITH_KNOTS('',3,(#4341,#4342,#4343,#4344),
 .UNSPECIFIED.,.F.,.F.,(4,4),(1.54169427495626,1.5707963267949),
 .UNSPECIFIED.);
#92=B_SPLINE_CURVE_WITH_KNOTS('',3,(#4345,#4346,#4347,#4348),
 .UNSPECIFIED.,.F.,.F.,(4,4),(-1.5707963267949,-1.54169427495626),
 .UNSPECIFIED.);
#93=B_SPLINE_CURVE_WITH_KNOTS('',3,(#4374,#4375,#4376,#4377),
 .UNSPECIFIED.,.F.,.F.,(4,4),(-0.432245698295481,-0.420262232840016),
 .UNSPECIFIED.);
#94=B_SPLINE_CURVE_WITH_KNOTS('',3,(#4378,#4379,#4380,#4381),
 .UNSPECIFIED.,.F.,.F.,(4,4),(0.420262232840016,0.432245698295481),
 .UNSPECIFIED.);
#95=B_SPLINE_CURVE_WITH_KNOTS('',3,(#4401,#4402,#4403,#4404),
 .UNSPECIFIED.,.F.,.F.,(4,4),(-1.54169427578646,-0.432245698295489),
 .UNSPECIFIED.);
#96=B_SPLINE_CURVE_WITH_KNOTS('',3,(#4407,#4408,#4409,#4410),
 .UNSPECIFIED.,.F.,.F.,(4,4),(0.432245698295489,1.54169427578646),
 .UNSPECIFIED.);
#97=B_SPLINE_CURVE_WITH_KNOTS('',3,(#4427,#4428,#4429,#4430),
 .UNSPECIFIED.,.F.,.F.,(4,4),(2.92579499011889,2.92826014831124),
 .UNSPECIFIED.);
#98=B_SPLINE_CURVE_WITH_KNOTS('',3,(#4431,#4432,#4433,#4434),
 .UNSPECIFIED.,.F.,.F.,(4,4),(-2.92826014831124,-2.92579499011889),
 .UNSPECIFIED.);
#99=B_SPLINE_CURVE_WITH_KNOTS('',3,(#4451,#4452,#4453,#4454),
 .UNSPECIFIED.,.F.,.F.,(4,4),(1.54169427578646,1.57079632679489),
 .UNSPECIFIED.);
#100=SHAPE_REPRESENTATION_RELATIONSHIP('SRR','None',#4578,#104);
#101=SHAPE_REPRESENTATION_RELATIONSHIP('SRR','None',#4579,#105);
#102=SHAPE_REPRESENTATION_RELATIONSHIP('SRR','None',#4580,#106);
#103=SHAPE_REPRESENTATION_RELATIONSHIP('SRR','None',#4577,#107);
#104=ADVANCED_BREP_SHAPE_REPRESENTATION('',(#112),#4554);
#105=ADVANCED_BREP_SHAPE_REPRESENTATION('',(#113),#4555);
#106=ADVANCED_BREP_SHAPE_REPRESENTATION('',(#114),#4556);
#107=ADVANCED_BREP_SHAPE_REPRESENTATION('',(#115),#4553);
#108=STYLED_ITEM('',(#4607),#112);
#109=STYLED_ITEM('',(#4607),#113);
#110=STYLED_ITEM('',(#4607),#114);
#111=STYLED_ITEM('',(#4606),#115);
#112=MANIFOLD_SOLID_BREP('Body1',#2363);
#113=MANIFOLD_SOLID_BREP('Body1',#2364);
#114=MANIFOLD_SOLID_BREP('Body1',#2365);
#115=MANIFOLD_SOLID_BREP('Stacking Foot',#2366);
#116=SPHERICAL_SURFACE('',#2429,3.06372665694355);
#117=SPHERICAL_SURFACE('',#2457,3.06372665694355);
#118=SPHERICAL_SURFACE('',#2485,3.06372665694355);
#119=CYLINDRICAL_SURFACE('',#2413,1.4635);
#120=CYLINDRICAL_SURFACE('',#2441,1.4635);
#121=CYLINDRICAL_SURFACE('',#2469,1.4635);
#122=CYLINDRICAL_SURFACE('',#2505,1.6);
#123=CYLINDRICAL_SURFACE('',#2509,1.6);
#124=CYLINDRICAL_SURFACE('',#2513,1.6);
#125=CYLINDRICAL_SURFACE('',#2531,3.);
#126=CYLINDRICAL_SURFACE('',#2534,3.);
#127=CYLINDRICAL_SURFACE('',#2537,3.);
#128=CYLINDRICAL_SURFACE('',#2552,3.60000000000007);
#129=CYLINDRICAL_SURFACE('',#2556,2.);
#130=CYLINDRICAL_SURFACE('',#2562,49.);
#131=CYLINDRICAL_SURFACE('',#2564,2.);
#132=CYLINDRICAL_SURFACE('',#2577,2.);
#133=CYLINDRICAL_SURFACE('',#2581,2.);
#134=CYLINDRICAL_SURFACE('',#2592,2.);
#135=CYLINDRICAL_SURFACE('',#2595,2.);
#136=CYLINDRICAL_SURFACE('',#2597,2.);
#137=CYLINDRICAL_SURFACE('',#2599,2.);
#138=CYLINDRICAL_SURFACE('',#2602,48.);
#139=CYLINDRICAL_SURFACE('',#2604,3.);
#140=CYLINDRICAL_SURFACE('',#2613,3.);
#141=CYLINDRICAL_SURFACE('',#2616,3.);
#142=CYLINDRICAL_SURFACE('',#2619,3.);
#143=FACE_BOUND('',#391,.T.);
#144=FACE_BOUND('',#407,.T.);
#145=FACE_BOUND('',#412,.T.);
#146=FACE_BOUND('',#428,.T.);
#147=FACE_BOUND('',#433,.T.);
#148=FACE_BOUND('',#449,.T.);
#149=FACE_BOUND('',#455,.T.);
#150=FACE_BOUND('',#456,.T.);
#151=FACE_BOUND('',#457,.T.);
#152=FACE_BOUND('',#538,.T.);
#153=FACE_BOUND('',#539,.T.);
#154=FACE_BOUND('',#540,.T.);
#155=FACE_BOUND('',#542,.T.);
#156=FACE_BOUND('',#545,.T.);
#157=FACE_BOUND('',#548,.T.);
#158=PLANE('',#2411);
#159=PLANE('',#2414);
#160=PLANE('',#2415);
#161=PLANE('',#2416);
#162=PLANE('',#2417);
#163=PLANE('',#2418);
#164=PLANE('',#2419);
#165=PLANE('',#2420);
#166=PLANE('',#2421);
#167=PLANE('',#2422);
#168=PLANE('',#2423);
#169=PLANE('',#2424);
#170=PLANE('',#2425);
#171=PLANE('',#2426);
#172=PLANE('',#2427);
#173=PLANE('',#2439);
#174=PLANE('',#2442);
#175=PLANE('',#2443);
#176=PLANE('',#2444);
#177=PLANE('',#2445);
#178=PLANE('',#2446);
#179=PLANE('',#2447);
#180=PLANE('',#2448);
#181=PLANE('',#2449);
#182=PLANE('',#2450);
#183=PLANE('',#2451);
#184=PLANE('',#2452);
#185=PLANE('',#2453);
#186=PLANE('',#2454);
#187=PLANE('',#2455);
#188=PLANE('',#2467);
#189=PLANE('',#2470);
#190=PLANE('',#2471);
#191=PLANE('',#2472);
#192=PLANE('',#2473);
#193=PLANE('',#2474);
#194=PLANE('',#2475);
#195=PLANE('',#2476);
#196=PLANE('',#2477);
#197=PLANE('',#2478);
#198=PLANE('',#2479);
#199=PLANE('',#2480);
#200=PLANE('',#2481);
#201=PLANE('',#2482);
#202=PLANE('',#2483);
#203=PLANE('',#2490);
#204=PLANE('',#2497);
#205=PLANE('',#2515);
#206=PLANE('',#2518);
#207=PLANE('',#2521);
#208=PLANE('',#2524);
#209=PLANE('',#2527);
#210=PLANE('',#2530);
#211=PLANE('',#2533);
#212=PLANE('',#2536);
#213=PLANE('',#2539);
#214=PLANE('',#2540);
#215=PLANE('',#2543);
#216=PLANE('',#2545);
#217=PLANE('',#2550);
#218=PLANE('',#2551);
#219=PLANE('',#2554);
#220=PLANE('',#2558);
#221=PLANE('',#2566);
#222=PLANE('',#2567);
#223=PLANE('',#2570);
#224=PLANE('',#2574);
#225=PLANE('',#2575);
#226=PLANE('',#2576);
#227=PLANE('',#2579);
#228=PLANE('',#2584);
#229=PLANE('',#2591);
#230=PLANE('',#2594);
#231=PLANE('',#2601);
#232=PLANE('',#2605);
#233=PLANE('',#2606);
#234=PLANE('',#2607);
#235=PLANE('',#2611);
#236=PLANE('',#2614);
#237=PLANE('',#2617);
#238=TOROIDAL_SURFACE('',#2407,1.7635,0.3);
#239=TOROIDAL_SURFACE('',#2435,1.7635,0.3);
#240=TOROIDAL_SURFACE('',#2463,1.7635,0.3);
#241=FACE_OUTER_BOUND('',#388,.T.);
#242=FACE_OUTER_BOUND('',#389,.T.);
#243=FACE_OUTER_BOUND('',#390,.T.);
#244=FACE_OUTER_BOUND('',#392,.T.);
#245=FACE_OUTER_BOUND('',#393,.T.);
#246=FACE_OUTER_BOUND('',#394,.T.);
#247=FACE_OUTER_BOUND('',#395,.T.);
#248=FACE_OUTER_BOUND('',#396,.T.);
#249=FACE_OUTER_BOUND('',#397,.T.);
#250=FACE_OUTER_BOUND('',#398,.T.);
#251=FACE_OUTER_BOUND('',#399,.T.);
#252=FACE_OUTER_BOUND('',#400,.T.);
#253=FACE_OUTER_BOUND('',#401,.T.);
#254=FACE_OUTER_BOUND('',#402,.T.);
#255=FACE_OUTER_BOUND('',#403,.T.);
#256=FACE_OUTER_BOUND('',#404,.T.);
#257=FACE_OUTER_BOUND('',#405,.T.);
#258=FACE_OUTER_BOUND('',#406,.T.);
#259=FACE_OUTER_BOUND('',#408,.T.);
#260=FACE_OUTER_BOUND('',#409,.T.);
#261=FACE_OUTER_BOUND('',#410,.T.);
#262=FACE_OUTER_BOUND('',#411,.T.);
#263=FACE_OUTER_BOUND('',#413,.T.);
#264=FACE_OUTER_BOUND('',#414,.T.);
#265=FACE_OUTER_BOUND('',#415,.T.);
#266=FACE_OUTER_BOUND('',#416,.T.);
#267=FACE_OUTER_BOUND('',#417,.T.);
#268=FACE_OUTER_BOUND('',#418,.T.);
#269=FACE_OUTER_BOUND('',#419,.T.);
#270=FACE_OUTER_BOUND('',#420,.T.);
#271=FACE_OUTER_BOUND('',#421,.T.);
#272=FACE_OUTER_BOUND('',#422,.T.);
#273=FACE_OUTER_BOUND('',#423,.T.);
#274=FACE_OUTER_BOUND('',#424,.T.);
#275=FACE_OUTER_BOUND('',#425,.T.);
#276=FACE_OUTER_BOUND('',#426,.T.);
#277=FACE_OUTER_BOUND('',#427,.T.);
#278=FACE_OUTER_BOUND('',#429,.T.);
#279=FACE_OUTER_BOUND('',#430,.T.);
#280=FACE_OUTER_BOUND('',#431,.T.);
#281=FACE_OUTER_BOUND('',#432,.T.);
#282=FACE_OUTER_BOUND('',#434,.T.);
#283=FACE_OUTER_BOUND('',#435,.T.);
#284=FACE_OUTER_BOUND('',#436,.T.);
#285=FACE_OUTER_BOUND('',#437,.T.);
#286=FACE_OUTER_BOUND('',#438,.T.);
#287=FACE_OUTER_BOUND('',#439,.T.);
#288=FACE_OUTER_BOUND('',#440,.T.);
#289=FACE_OUTER_BOUND('',#441,.T.);
#290=FACE_OUTER_BOUND('',#442,.T.);
#291=FACE_OUTER_BOUND('',#443,.T.);
#292=FACE_OUTER_BOUND('',#444,.T.);
#293=FACE_OUTER_BOUND('',#445,.T.);
#294=FACE_OUTER_BOUND('',#446,.T.);
#295=FACE_OUTER_BOUND('',#447,.T.);
#296=FACE_OUTER_BOUND('',#448,.T.);
#297=FACE_OUTER_BOUND('',#450,.T.);
#298=FACE_OUTER_BOUND('',#451,.T.);
#299=FACE_OUTER_BOUND('',#452,.T.);
#300=FACE_OUTER_BOUND('',#453,.T.);
#301=FACE_OUTER_BOUND('',#454,.T.);
#302=FACE_OUTER_BOUND('',#458,.T.);
#303=FACE_OUTER_BOUND('',#459,.T.);
#304=FACE_OUTER_BOUND('',#460,.T.);
#305=FACE_OUTER_BOUND('',#461,.T.);
#306=FACE_OUTER_BOUND('',#462,.T.);
#307=FACE_OUTER_BOUND('',#463,.T.);
#308=FACE_OUTER_BOUND('',#464,.T.);
#309=FACE_OUTER_BOUND('',#465,.T.);
#310=FACE_OUTER_BOUND('',#466,.T.);
#311=FACE_OUTER_BOUND('',#467,.T.);
#312=FACE_OUTER_BOUND('',#468,.T.);
#313=FACE_OUTER_BOUND('',#469,.T.);
#314=FACE_OUTER_BOUND('',#470,.T.);
#315=FACE_OUTER_BOUND('',#471,.T.);
#316=FACE_OUTER_BOUND('',#472,.T.);
#317=FACE_OUTER_BOUND('',#473,.T.);
#318=FACE_OUTER_BOUND('',#474,.T.);
#319=FACE_OUTER_BOUND('',#475,.T.);
#320=FACE_OUTER_BOUND('',#476,.T.);
#321=FACE_OUTER_BOUND('',#477,.T.);
#322=FACE_OUTER_BOUND('',#478,.T.);
#323=FACE_OUTER_BOUND('',#479,.T.);
#324=FACE_OUTER_BOUND('',#480,.T.);
#325=FACE_OUTER_BOUND('',#481,.T.);
#326=FACE_OUTER_BOUND('',#482,.T.);
#327=FACE_OUTER_BOUND('',#483,.T.);
#328=FACE_OUTER_BOUND('',#484,.T.);
#329=FACE_OUTER_BOUND('',#485,.T.);
#330=FACE_OUTER_BOUND('',#486,.T.);
#331=FACE_OUTER_BOUND('',#487,.T.);
#332=FACE_OUTER_BOUND('',#488,.T.);
#333=FACE_OUTER_BOUND('',#489,.T.);
#334=FACE_OUTER_BOUND('',#490,.T.);
#335=FACE_OUTER_BOUND('',#491,.T.);
#336=FACE_OUTER_BOUND('',#492,.T.);
#337=FACE_OUTER_BOUND('',#493,.T.);
#338=FACE_OUTER_BOUND('',#494,.T.);
#339=FACE_OUTER_BOUND('',#495,.T.);
#340=FACE_OUTER_BOUND('',#496,.T.);
#341=FACE_OUTER_BOUND('',#497,.T.);
#342=FACE_OUTER_BOUND('',#498,.T.);
#343=FACE_OUTER_BOUND('',#499,.T.);
#344=FACE_OUTER_BOUND('',#500,.T.);
#345=FACE_OUTER_BOUND('',#501,.T.);
#346=FACE_OUTER_BOUND('',#502,.T.);
#347=FACE_OUTER_BOUND('',#503,.T.);
#348=FACE_OUTER_BOUND('',#504,.T.);
#349=FACE_OUTER_BOUND('',#505,.T.);
#350=FACE_OUTER_BOUND('',#506,.T.);
#351=FACE_OUTER_BOUND('',#507,.T.);
#352=FACE_OUTER_BOUND('',#508,.T.);
#353=FACE_OUTER_BOUND('',#509,.T.);
#354=FACE_OUTER_BOUND('',#510,.T.);
#355=FACE_OUTER_BOUND('',#511,.T.);
#356=FACE_OUTER_BOUND('',#512,.T.);
#357=FACE_OUTER_BOUND('',#513,.T.);
#358=FACE_OUTER_BOUND('',#514,.T.);
#359=FACE_OUTER_BOUND('',#515,.T.);
#360=FACE_OUTER_BOUND('',#516,.T.);
#361=FACE_OUTER_BOUND('',#517,.T.);
#362=FACE_OUTER_BOUND('',#518,.T.);
#363=FACE_OUTER_BOUND('',#519,.T.);
#364=FACE_OUTER_BOUND('',#520,.T.);
#365=FACE_OUTER_BOUND('',#521,.T.);
#366=FACE_OUTER_BOUND('',#522,.T.);
#367=FACE_OUTER_BOUND('',#523,.T.);
#368=FACE_OUTER_BOUND('',#524,.T.);
#369=FACE_OUTER_BOUND('',#525,.T.);
#370=FACE_OUTER_BOUND('',#526,.T.);
#371=FACE_OUTER_BOUND('',#527,.T.);
#372=FACE_OUTER_BOUND('',#528,.T.);
#373=FACE_OUTER_BOUND('',#529,.T.);
#374=FACE_OUTER_BOUND('',#530,.T.);
#375=FACE_OUTER_BOUND('',#531,.T.);
#376=FACE_OUTER_BOUND('',#532,.T.);
#377=FACE_OUTER_BOUND('',#533,.T.);
#378=FACE_OUTER_BOUND('',#534,.T.);
#379=FACE_OUTER_BOUND('',#535,.T.);
#380=FACE_OUTER_BOUND('',#536,.T.);
#381=FACE_OUTER_BOUND('',#537,.T.);
#382=FACE_OUTER_BOUND('',#541,.T.);
#383=FACE_OUTER_BOUND('',#543,.T.);
#384=FACE_OUTER_BOUND('',#544,.T.);
#385=FACE_OUTER_BOUND('',#546,.T.);
#386=FACE_OUTER_BOUND('',#547,.T.);
#387=FACE_OUTER_BOUND('',#549,.T.);
#388=EDGE_LOOP('',(#1543,#1544,#1545,#1546));
#389=EDGE_LOOP('',(#1547,#1548,#1549,#1550));
#390=EDGE_LOOP('',(#1551));
#391=EDGE_LOOP('',(#1552));
#392=EDGE_LOOP('',(#1553,#1554,#1555,#1556));
#393=EDGE_LOOP('',(#1557,#1558,#1559));
#394=EDGE_LOOP('',(#1560,#1561,#1562));
#395=EDGE_LOOP('',(#1563,#1564,#1565));
#396=EDGE_LOOP('',(#1566,#1567,#1568));
#397=EDGE_LOOP('',(#1569,#1570,#1571));
#398=EDGE_LOOP('',(#1572,#1573,#1574));
#399=EDGE_LOOP('',(#1575,#1576,#1577,#1578));
#400=EDGE_LOOP('',(#1579,#1580,#1581,#1582));
#401=EDGE_LOOP('',(#1583,#1584,#1585,#1586));
#402=EDGE_LOOP('',(#1587,#1588,#1589,#1590));
#403=EDGE_LOOP('',(#1591,#1592,#1593,#1594));
#404=EDGE_LOOP('',(#1595,#1596,#1597,#1598));
#405=EDGE_LOOP('',(#1599));
#406=EDGE_LOOP('',(#1600));
#407=EDGE_LOOP('',(#1601,#1602,#1603,#1604,#1605,#1606));
#408=EDGE_LOOP('',(#1607,#1608,#1609,#1610));
#409=EDGE_LOOP('',(#1611,#1612,#1613,#1614));
#410=EDGE_LOOP('',(#1615,#1616,#1617,#1618));
#411=EDGE_LOOP('',(#1619));
#412=EDGE_LOOP('',(#1620));
#413=EDGE_LOOP('',(#1621,#1622,#1623,#1624));
#414=EDGE_LOOP('',(#1625,#1626,#1627));
#415=EDGE_LOOP('',(#1628,#1629,#1630));
#416=EDGE_LOOP('',(#1631,#1632,#1633));
#417=EDGE_LOOP('',(#1634,#1635,#1636));
#418=EDGE_LOOP('',(#1637,#1638,#1639));
#419=EDGE_LOOP('',(#1640,#1641,#1642));
#420=EDGE_LOOP('',(#1643,#1644,#1645,#1646));
#421=EDGE_LOOP('',(#1647,#1648,#1649,#1650));
#422=EDGE_LOOP('',(#1651,#1652,#1653,#1654));
#423=EDGE_LOOP('',(#1655,#1656,#1657,#1658));
#424=EDGE_LOOP('',(#1659,#1660,#1661,#1662));
#425=EDGE_LOOP('',(#1663,#1664,#1665,#1666));
#426=EDGE_LOOP('',(#1667));
#427=EDGE_LOOP('',(#1668));
#428=EDGE_LOOP('',(#1669,#1670,#1671,#1672,#1673,#1674));
#429=EDGE_LOOP('',(#1675,#1676,#1677,#1678));
#430=EDGE_LOOP('',(#1679,#1680,#1681,#1682));
#431=EDGE_LOOP('',(#1683,#1684,#1685,#1686));
#432=EDGE_LOOP('',(#1687));
#433=EDGE_LOOP('',(#1688));
#434=EDGE_LOOP('',(#1689,#1690,#1691,#1692));
#435=EDGE_LOOP('',(#1693,#1694,#1695));
#436=EDGE_LOOP('',(#1696,#1697,#1698));
#437=EDGE_LOOP('',(#1699,#1700,#1701));
#438=EDGE_LOOP('',(#1702,#1703,#1704));
#439=EDGE_LOOP('',(#1705,#1706,#1707));
#440=EDGE_LOOP('',(#1708,#1709,#1710));
#441=EDGE_LOOP('',(#1711,#1712,#1713,#1714));
#442=EDGE_LOOP('',(#1715,#1716,#1717,#1718));
#443=EDGE_LOOP('',(#1719,#1720,#1721,#1722));
#444=EDGE_LOOP('',(#1723,#1724,#1725,#1726));
#445=EDGE_LOOP('',(#1727,#1728,#1729,#1730));
#446=EDGE_LOOP('',(#1731,#1732,#1733,#1734));
#447=EDGE_LOOP('',(#1735));
#448=EDGE_LOOP('',(#1736));
#449=EDGE_LOOP('',(#1737,#1738,#1739,#1740,#1741,#1742));
#450=EDGE_LOOP('',(#1743,#1744,#1745,#1746));
#451=EDGE_LOOP('',(#1747,#1748,#1749,#1750));
#452=EDGE_LOOP('',(#1751,#1752,#1753,#1754,#1755,#1756,#1757,#1758,#1759,
#1760,#1761,#1762,#1763,#1764,#1765,#1766,#1767));
#453=EDGE_LOOP('',(#1768,#1769,#1770,#1771));
#454=EDGE_LOOP('',(#1772,#1773,#1774,#1775,#1776,#1777,#1778,#1779,#1780,
#1781,#1782));
#455=EDGE_LOOP('',(#1783));
#456=EDGE_LOOP('',(#1784));
#457=EDGE_LOOP('',(#1785));
#458=EDGE_LOOP('',(#1786,#1787,#1788,#1789));
#459=EDGE_LOOP('',(#1790,#1791,#1792,#1793));
#460=EDGE_LOOP('',(#1794,#1795,#1796,#1797));
#461=EDGE_LOOP('',(#1798,#1799,#1800,#1801));
#462=EDGE_LOOP('',(#1802,#1803,#1804,#1805));
#463=EDGE_LOOP('',(#1806,#1807,#1808,#1809));
#464=EDGE_LOOP('',(#1810,#1811,#1812,#1813));
#465=EDGE_LOOP('',(#1814,#1815,#1816,#1817));
#466=EDGE_LOOP('',(#1818,#1819,#1820,#1821));
#467=EDGE_LOOP('',(#1822,#1823,#1824,#1825));
#468=EDGE_LOOP('',(#1826,#1827,#1828,#1829));
#469=EDGE_LOOP('',(#1830,#1831,#1832,#1833));
#470=EDGE_LOOP('',(#1834,#1835,#1836,#1837));
#471=EDGE_LOOP('',(#1838,#1839,#1840,#1841));
#472=EDGE_LOOP('',(#1842,#1843,#1844,#1845));
#473=EDGE_LOOP('',(#1846,#1847,#1848,#1849));
#474=EDGE_LOOP('',(#1850,#1851,#1852,#1853));
#475=EDGE_LOOP('',(#1854,#1855,#1856,#1857,#1858,#1859,#1860,#1861,#1862,
#1863,#1864,#1865));
#476=EDGE_LOOP('',(#1866,#1867,#1868,#1869));
#477=EDGE_LOOP('',(#1870,#1871,#1872,#1873));
#478=EDGE_LOOP('',(#1874,#1875,#1876,#1877));
#479=EDGE_LOOP('',(#1878,#1879,#1880,#1881));
#480=EDGE_LOOP('',(#1882,#1883,#1884,#1885,#1886,#1887));
#481=EDGE_LOOP('',(#1888,#1889,#1890,#1891));
#482=EDGE_LOOP('',(#1892,#1893,#1894,#1895));
#483=EDGE_LOOP('',(#1896,#1897,#1898,#1899));
#484=EDGE_LOOP('',(#1900,#1901,#1902,#1903,#1904));
#485=EDGE_LOOP('',(#1905,#1906,#1907,#1908));
#486=EDGE_LOOP('',(#1909,#1910,#1911,#1912));
#487=EDGE_LOOP('',(#1913,#1914,#1915,#1916));
#488=EDGE_LOOP('',(#1917,#1918,#1919,#1920));
#489=EDGE_LOOP('',(#1921,#1922,#1923,#1924));
#490=EDGE_LOOP('',(#1925,#1926,#1927,#1928));
#491=EDGE_LOOP('',(#1929,#1930,#1931,#1932));
#492=EDGE_LOOP('',(#1933,#1934,#1935,#1936));
#493=EDGE_LOOP('',(#1937,#1938,#1939,#1940,#1941,#1942));
#494=EDGE_LOOP('',(#1943,#1944,#1945,#1946));
#495=EDGE_LOOP('',(#1947,#1948,#1949,#1950));
#496=EDGE_LOOP('',(#1951,#1952,#1953,#1954,#1955));
#497=EDGE_LOOP('',(#1956,#1957,#1958,#1959));
#498=EDGE_LOOP('',(#1960,#1961,#1962,#1963));
#499=EDGE_LOOP('',(#1964,#1965,#1966,#1967,#1968));
#500=EDGE_LOOP('',(#1969,#1970,#1971,#1972,#1973,#1974));
#501=EDGE_LOOP('',(#1975,#1976,#1977,#1978,#1979,#1980));
#502=EDGE_LOOP('',(#1981,#1982,#1983,#1984,#1985,#1986));
#503=EDGE_LOOP('',(#1987,#1988,#1989,#1990,#1991,#1992));
#504=EDGE_LOOP('',(#1993,#1994,#1995,#1996));
#505=EDGE_LOOP('',(#1997,#1998,#1999,#2000));
#506=EDGE_LOOP('',(#2001,#2002,#2003,#2004,#2005));
#507=EDGE_LOOP('',(#2006,#2007,#2008,#2009));
#508=EDGE_LOOP('',(#2010,#2011,#2012,#2013));
#509=EDGE_LOOP('',(#2014,#2015,#2016,#2017));
#510=EDGE_LOOP('',(#2018,#2019,#2020,#2021));
#511=EDGE_LOOP('',(#2022,#2023,#2024,#2025));
#512=EDGE_LOOP('',(#2026,#2027,#2028,#2029));
#513=EDGE_LOOP('',(#2030,#2031,#2032,#2033));
#514=EDGE_LOOP('',(#2034,#2035,#2036,#2037));
#515=EDGE_LOOP('',(#2038,#2039,#2040,#2041));
#516=EDGE_LOOP('',(#2042,#2043,#2044,#2045));
#517=EDGE_LOOP('',(#2046,#2047,#2048,#2049));
#518=EDGE_LOOP('',(#2050,#2051,#2052,#2053));
#519=EDGE_LOOP('',(#2054,#2055,#2056,#2057,#2058,#2059,#2060,#2061));
#520=EDGE_LOOP('',(#2062,#2063,#2064,#2065));
#521=EDGE_LOOP('',(#2066,#2067,#2068,#2069,#2070,#2071));
#522=EDGE_LOOP('',(#2072,#2073,#2074,#2075,#2076,#2077));
#523=EDGE_LOOP('',(#2078,#2079,#2080,#2081,#2082,#2083,#2084,#2085,#2086,
#2087,#2088,#2089));
#524=EDGE_LOOP('',(#2090,#2091,#2092,#2093));
#525=EDGE_LOOP('',(#2094,#2095,#2096,#2097,#2098,#2099,#2100,#2101,#2102,
#2103,#2104,#2105));
#526=EDGE_LOOP('',(#2106));
#527=EDGE_LOOP('',(#2107,#2108,#2109,#2110));
#528=EDGE_LOOP('',(#2111,#2112,#2113,#2114,#2115));
#529=EDGE_LOOP('',(#2116,#2117,#2118,#2119,#2120));
#530=EDGE_LOOP('',(#2121,#2122,#2123,#2124,#2125));
#531=EDGE_LOOP('',(#2126,#2127,#2128,#2129));
#532=EDGE_LOOP('',(#2130,#2131,#2132,#2133,#2134));
#533=EDGE_LOOP('',(#2135,#2136,#2137,#2138));
#534=EDGE_LOOP('',(#2139,#2140,#2141,#2142));
#535=EDGE_LOOP('',(#2143,#2144,#2145,#2146));
#536=EDGE_LOOP('',(#2147,#2148,#2149,#2150));
#537=EDGE_LOOP('',(#2151,#2152,#2153,#2154,#2155,#2156,#2157,#2158,#2159,
#2160,#2161,#2162,#2163,#2164,#2165,#2166,#2167,#2168,#2169,#2170,#2171,
#2172,#2173,#2174,#2175));
#538=EDGE_LOOP('',(#2176));
#539=EDGE_LOOP('',(#2177));
#540=EDGE_LOOP('',(#2178));
#541=EDGE_LOOP('',(#2179));
#542=EDGE_LOOP('',(#2180));
#543=EDGE_LOOP('',(#2181,#2182,#2183,#2184));
#544=EDGE_LOOP('',(#2185));
#545=EDGE_LOOP('',(#2186));
#546=EDGE_LOOP('',(#2187,#2188,#2189,#2190));
#547=EDGE_LOOP('',(#2191));
#548=EDGE_LOOP('',(#2192));
#549=EDGE_LOOP('',(#2193,#2194,#2195,#2196));
#550=LINE('',#3274,#747);
#551=LINE('',#3286,#748);
#552=LINE('',#3290,#749);
#553=LINE('',#3292,#750);
#554=LINE('',#3293,#751);
#555=LINE('',#3296,#752);
#556=LINE('',#3297,#753);
#557=LINE('',#3300,#754);
#558=LINE('',#3301,#755);
#559=LINE('',#3304,#756);
#560=LINE('',#3305,#757);
#561=LINE('',#3308,#758);
#562=LINE('',#3309,#759);
#563=LINE('',#3311,#760);
#564=LINE('',#3315,#761);
#565=LINE('',#3316,#762);
#566=LINE('',#3317,#763);
#567=LINE('',#3320,#764);
#568=LINE('',#3321,#765);
#569=LINE('',#3324,#766);
#570=LINE('',#3325,#767);
#571=LINE('',#3328,#768);
#572=LINE('',#3329,#769);
#573=LINE('',#3332,#770);
#574=LINE('',#3333,#771);
#575=LINE('',#3335,#772);
#576=LINE('',#3347,#773);
#577=LINE('',#3359,#774);
#578=LINE('',#3363,#775);
#579=LINE('',#3365,#776);
#580=LINE('',#3366,#777);
#581=LINE('',#3369,#778);
#582=LINE('',#3370,#779);
#583=LINE('',#3373,#780);
#584=LINE('',#3374,#781);
#585=LINE('',#3377,#782);
#586=LINE('',#3378,#783);
#587=LINE('',#3381,#784);
#588=LINE('',#3382,#785);
#589=LINE('',#3384,#786);
#590=LINE('',#3388,#787);
#591=LINE('',#3389,#788);
#592=LINE('',#3390,#789);
#593=LINE('',#3393,#790);
#594=LINE('',#3394,#791);
#595=LINE('',#3397,#792);
#596=LINE('',#3398,#793);
#597=LINE('',#3401,#794);
#598=LINE('',#3402,#795);
#599=LINE('',#3405,#796);
#600=LINE('',#3406,#797);
#601=LINE('',#3408,#798);
#602=LINE('',#3420,#799);
#603=LINE('',#3432,#800);
#604=LINE('',#3436,#801);
#605=LINE('',#3438,#802);
#606=LINE('',#3439,#803);
#607=LINE('',#3442,#804);
#608=LINE('',#3443,#805);
#609=LINE('',#3446,#806);
#610=LINE('',#3447,#807);
#611=LINE('',#3450,#808);
#612=LINE('',#3451,#809);
#613=LINE('',#3454,#810);
#614=LINE('',#3455,#811);
#615=LINE('',#3457,#812);
#616=LINE('',#3461,#813);
#617=LINE('',#3462,#814);
#618=LINE('',#3463,#815);
#619=LINE('',#3466,#816);
#620=LINE('',#3467,#817);
#621=LINE('',#3470,#818);
#622=LINE('',#3471,#819);
#623=LINE('',#3474,#820);
#624=LINE('',#3475,#821);
#625=LINE('',#3478,#822);
#626=LINE('',#3479,#823);
#627=LINE('',#3481,#824);
#628=LINE('',#3525,#825);
#629=LINE('',#3546,#826);
#630=LINE('',#3559,#827);
#631=LINE('',#3563,#828);
#632=LINE('',#3578,#829);
#633=LINE('',#3583,#830);
#634=LINE('',#3587,#831);
#635=LINE('',#3591,#832);
#636=LINE('',#3595,#833);
#637=LINE('',#3599,#834);
#638=LINE('',#3602,#835);
#639=LINE('',#3610,#836);
#640=LINE('',#3613,#837);
#641=LINE('',#3618,#838);
#642=LINE('',#3621,#839);
#643=LINE('',#3626,#840);
#644=LINE('',#3630,#841);
#645=LINE('',#3631,#842);
#646=LINE('',#3632,#843);
#647=LINE('',#3636,#844);
#648=LINE('',#3639,#845);
#649=LINE('',#3640,#846);
#650=LINE('',#3644,#847);
#651=LINE('',#3647,#848);
#652=LINE('',#3648,#849);
#653=LINE('',#3652,#850);
#654=LINE('',#3655,#851);
#655=LINE('',#3656,#852);
#656=LINE('',#3660,#853);
#657=LINE('',#3663,#854);
#658=LINE('',#3664,#855);
#659=LINE('',#3668,#856);
#660=LINE('',#3670,#857);
#661=LINE('',#3673,#858);
#662=LINE('',#3676,#859);
#663=LINE('',#3679,#860);
#664=LINE('',#3681,#861);
#665=LINE('',#3683,#862);
#666=LINE('',#3685,#863);
#667=LINE('',#3687,#864);
#668=LINE('',#3689,#865);
#669=LINE('',#3691,#866);
#670=LINE('',#3693,#867);
#671=LINE('',#3699,#868);
#672=LINE('',#3702,#869);
#673=LINE('',#3706,#870);
#674=LINE('',#3707,#871);
#675=LINE('',#3710,#872);
#676=LINE('',#3714,#873);
#677=LINE('',#3715,#874);
#678=LINE('',#3757,#875);
#679=LINE('',#3784,#876);
#680=LINE('',#3806,#877);
#681=LINE('',#3808,#878);
#682=LINE('',#3809,#879);
#683=LINE('',#3812,#880);
#684=LINE('',#3816,#881);
#685=LINE('',#3820,#882);
#686=LINE('',#3822,#883);
#687=LINE('',#3823,#884);
#688=LINE('',#3861,#885);
#689=LINE('',#3867,#886);
#690=LINE('',#3890,#887);
#691=LINE('',#3892,#888);
#692=LINE('',#3896,#889);
#693=LINE('',#3900,#890);
#694=LINE('',#3901,#891);
#695=LINE('',#3962,#892);
#696=LINE('',#4091,#893);
#697=LINE('',#4092,#894);
#698=LINE('',#4095,#895);
#699=LINE('',#4099,#896);
#700=LINE('',#4102,#897);
#701=LINE('',#4108,#898);
#702=LINE('',#4163,#899);
#703=LINE('',#4166,#900);
#704=LINE('',#4169,#901);
#705=LINE('',#4177,#902);
#706=LINE('',#4257,#903);
#707=LINE('',#4259,#904);
#708=LINE('',#4260,#905);
#709=LINE('',#4263,#906);
#710=LINE('',#4268,#907);
#711=LINE('',#4269,#908);
#712=LINE('',#4270,#909);
#713=LINE('',#4274,#910);
#714=LINE('',#4280,#911);
#715=LINE('',#4281,#912);
#716=LINE('',#4282,#913);
#717=LINE('',#4309,#914);
#718=LINE('',#4318,#915);
#719=LINE('',#4352,#916);
#720=LINE('',#4354,#917);
#721=LINE('',#4356,#918);
#722=LINE('',#4357,#919);
#723=LINE('',#4399,#920);
#724=LINE('',#4406,#921);
#725=LINE('',#4456,#922);
#726=LINE('',#4458,#923);
#727=LINE('',#4460,#924);
#728=LINE('',#4462,#925);
#729=LINE('',#4463,#926);
#730=LINE('',#4466,#927);
#731=LINE('',#4470,#928);
#732=LINE('',#4472,#929);
#733=LINE('',#4483,#930);
#734=LINE('',#4487,#931);
#735=LINE('',#4494,#932);
#736=LINE('',#4497,#933);
#737=LINE('',#4498,#934);
#738=LINE('',#4501,#935);
#739=LINE('',#4508,#936);
#740=LINE('',#4510,#937);
#741=LINE('',#4514,#938);
#742=LINE('',#4516,#939);
#743=LINE('',#4519,#940);
#744=LINE('',#4531,#941);
#745=LINE('',#4536,#942);
#746=LINE('',#4541,#943);
#747=VECTOR('',#2634,1.3616375);
#748=VECTOR('',#2651,1.5);
#749=VECTOR('',#2654,10.);
#750=VECTOR('',#2655,10.);
#751=VECTOR('',#2656,10.);
#752=VECTOR('',#2659,10.);
#753=VECTOR('',#2660,10.);
#754=VECTOR('',#2663,10.);
#755=VECTOR('',#2664,10.);
#756=VECTOR('',#2667,10.);
#757=VECTOR('',#2668,10.);
#758=VECTOR('',#2671,10.);
#759=VECTOR('',#2672,10.);
#760=VECTOR('',#2675,10.);
#761=VECTOR('',#2678,10.);
#762=VECTOR('',#2679,10.);
#763=VECTOR('',#2680,10.);
#764=VECTOR('',#2683,10.);
#765=VECTOR('',#2684,10.);
#766=VECTOR('',#2687,10.);
#767=VECTOR('',#2688,10.);
#768=VECTOR('',#2691,10.);
#769=VECTOR('',#2692,10.);
#770=VECTOR('',#2695,10.);
#771=VECTOR('',#2696,10.);
#772=VECTOR('',#2699,10.);
#773=VECTOR('',#2716,1.3616375);
#774=VECTOR('',#2733,1.5);
#775=VECTOR('',#2736,10.);
#776=VECTOR('',#2737,10.);
#777=VECTOR('',#2738,10.);
#778=VECTOR('',#2741,10.);
#779=VECTOR('',#2742,10.);
#780=VECTOR('',#2745,10.);
#781=VECTOR('',#2746,10.);
#782=VECTOR('',#2749,10.);
#783=VECTOR('',#2750,10.);
#784=VECTOR('',#2753,10.);
#785=VECTOR('',#2754,10.);
#786=VECTOR('',#2757,10.);
#787=VECTOR('',#2760,10.);
#788=VECTOR('',#2761,10.);
#789=VECTOR('',#2762,10.);
#790=VECTOR('',#2765,10.);
#791=VECTOR('',#2766,10.);
#792=VECTOR('',#2769,10.);
#793=VECTOR('',#2770,10.);
#794=VECTOR('',#2773,10.);
#795=VECTOR('',#2774,10.);
#796=VECTOR('',#2777,10.);
#797=VECTOR('',#2778,10.);
#798=VECTOR('',#2781,10.);
#799=VECTOR('',#2798,1.3616375);
#800=VECTOR('',#2815,1.5);
#801=VECTOR('',#2818,10.);
#802=VECTOR('',#2819,10.);
#803=VECTOR('',#2820,10.);
#804=VECTOR('',#2823,10.);
#805=VECTOR('',#2824,10.);
#806=VECTOR('',#2827,10.);
#807=VECTOR('',#2828,10.);
#808=VECTOR('',#2831,10.);
#809=VECTOR('',#2832,10.);
#810=VECTOR('',#2835,10.);
#811=VECTOR('',#2836,10.);
#812=VECTOR('',#2839,10.);
#813=VECTOR('',#2842,10.);
#814=VECTOR('',#2843,10.);
#815=VECTOR('',#2844,10.);
#816=VECTOR('',#2847,10.);
#817=VECTOR('',#2848,10.);
#818=VECTOR('',#2851,10.);
#819=VECTOR('',#2852,10.);
#820=VECTOR('',#2855,10.);
#821=VECTOR('',#2856,10.);
#822=VECTOR('',#2859,10.);
#823=VECTOR('',#2860,10.);
#824=VECTOR('',#2863,10.);
#825=VECTOR('',#2882,10.);
#826=VECTOR('',#2887,10.);
#827=VECTOR('',#2888,10.);
#828=VECTOR('',#2891,10.);
#829=VECTOR('',#2896,1.8);
#830=VECTOR('',#2901,10.);
#831=VECTOR('',#2904,10.);
#832=VECTOR('',#2907,10.);
#833=VECTOR('',#2910,10.);
#834=VECTOR('',#2913,10.);
#835=VECTOR('',#2916,10.);
#836=VECTOR('',#2925,1.6);
#837=VECTOR('',#2928,1.8);
#838=VECTOR('',#2935,1.6);
#839=VECTOR('',#2938,1.8);
#840=VECTOR('',#2945,1.6);
#841=VECTOR('',#2948,10.);
#842=VECTOR('',#2949,10.);
#843=VECTOR('',#2950,10.);
#844=VECTOR('',#2955,10.);
#845=VECTOR('',#2958,10.);
#846=VECTOR('',#2959,10.);
#847=VECTOR('',#2964,10.);
#848=VECTOR('',#2967,10.);
#849=VECTOR('',#2968,10.);
#850=VECTOR('',#2973,10.);
#851=VECTOR('',#2976,10.);
#852=VECTOR('',#2977,10.);
#853=VECTOR('',#2982,10.);
#854=VECTOR('',#2985,10.);
#855=VECTOR('',#2986,10.);
#856=VECTOR('',#2991,10.);
#857=VECTOR('',#2994,10.);
#858=VECTOR('',#2997,10.);
#859=VECTOR('',#3000,10.);
#860=VECTOR('',#3003,10.);
#861=VECTOR('',#3004,10.);
#862=VECTOR('',#3005,10.);
#863=VECTOR('',#3006,10.);
#864=VECTOR('',#3007,10.);
#865=VECTOR('',#3008,10.);
#866=VECTOR('',#3009,10.);
#867=VECTOR('',#3010,10.);
#868=VECTOR('',#3011,10.);
#869=VECTOR('',#3014,10.);
#870=VECTOR('',#3019,10.);
#871=VECTOR('',#3020,10.);
#872=VECTOR('',#3023,10.);
#873=VECTOR('',#3028,10.);
#874=VECTOR('',#3029,10.);
#875=VECTOR('',#3030,10.);
#876=VECTOR('',#3031,10.);
#877=VECTOR('',#3034,10.);
#878=VECTOR('',#3035,10.);
#879=VECTOR('',#3036,10.);
#880=VECTOR('',#3039,10.);
#881=VECTOR('',#3044,10.);
#882=VECTOR('',#3049,10.);
#883=VECTOR('',#3050,10.);
#884=VECTOR('',#3051,10.);
#885=VECTOR('',#3052,10.);
#886=VECTOR('',#3053,10.);
#887=VECTOR('',#3056,10.);
#888=VECTOR('',#3057,10.);
#889=VECTOR('',#3062,10.);
#890=VECTOR('',#3067,10.);
#891=VECTOR('',#3068,10.);
#892=VECTOR('',#3069,10.);
#893=VECTOR('',#3072,10.);
#894=VECTOR('',#3073,10.);
#895=VECTOR('',#3076,10.);
#896=VECTOR('',#3083,10.);
#897=VECTOR('',#3086,10.);
#898=VECTOR('',#3093,10.);
#899=VECTOR('',#3100,10.);
#900=VECTOR('',#3103,10.);
#901=VECTOR('',#3106,10.);
#902=VECTOR('',#3111,10.);
#903=VECTOR('',#3114,10.);
#904=VECTOR('',#3115,10.);
#905=VECTOR('',#3116,10.);
#906=VECTOR('',#3119,10.);
#907=VECTOR('',#3124,10.);
#908=VECTOR('',#3125,10.);
#909=VECTOR('',#3126,10.);
#910=VECTOR('',#3129,10.);
#911=VECTOR('',#3136,10.);
#912=VECTOR('',#3137,10.);
#913=VECTOR('',#3138,10.);
#914=VECTOR('',#3139,10.);
#915=VECTOR('',#3140,10.);
#916=VECTOR('',#3143,10.);
#917=VECTOR('',#3144,10.);
#918=VECTOR('',#3145,10.);
#919=VECTOR('',#3146,10.);
#920=VECTOR('',#3147,10.);
#921=VECTOR('',#3148,10.);
#922=VECTOR('',#3151,10.);
#923=VECTOR('',#3152,10.);
#924=VECTOR('',#3153,10.);
#925=VECTOR('',#3154,10.);
#926=VECTOR('',#3155,10.);
#927=VECTOR('',#3158,10.);
#928=VECTOR('',#3163,10.);
#929=VECTOR('',#3164,10.);
#930=VECTOR('',#3179,20.4659856893303);
#931=VECTOR('',#3184,24.1577956679662);
#932=VECTOR('',#3195,10.);
#933=VECTOR('',#3198,10.);
#934=VECTOR('',#3199,10.);
#935=VECTOR('',#3202,10.);
#936=VECTOR('',#3213,10.);
#937=VECTOR('',#3216,10.);
#938=VECTOR('',#3221,10.);
#939=VECTOR('',#3224,10.);
#940=VECTOR('',#3229,10.);
#941=VECTOR('',#3244,3.);
#942=VECTOR('',#3251,3.);
#943=VECTOR('',#3258,3.);
#944=CIRCLE('',#2405,1.4635);
#945=CIRCLE('',#2406,1.193275);
#946=CIRCLE('',#2408,1.7635);
#947=CIRCLE('',#2409,0.3);
#948=CIRCLE('',#2410,1.4635);
#949=CIRCLE('',#2412,2.85);
#950=CIRCLE('',#2428,1.3);
#951=CIRCLE('',#2430,3.06372665694355);
#952=CIRCLE('',#2433,1.4635);
#953=CIRCLE('',#2434,1.193275);
#954=CIRCLE('',#2436,1.7635);
#955=CIRCLE('',#2437,0.3);
#956=CIRCLE('',#2438,1.4635);
#957=CIRCLE('',#2440,2.85);
#958=CIRCLE('',#2456,1.3);
#959=CIRCLE('',#2458,3.06372665694355);
#960=CIRCLE('',#2461,1.4635);
#961=CIRCLE('',#2462,1.193275);
#962=CIRCLE('',#2464,1.7635);
#963=CIRCLE('',#2465,0.3);
#964=CIRCLE('',#2466,1.4635);
#965=CIRCLE('',#2468,2.85);
#966=CIRCLE('',#2484,1.3);
#967=CIRCLE('',#2486,3.06372665694355);
#968=CIRCLE('',#2488,21.5602369959223);
#969=CIRCLE('',#2489,21.0907777248556);
#970=CIRCLE('',#2491,1.60000000000001);
#971=CIRCLE('',#2492,49.4);
#972=CIRCLE('',#2493,4.00000000000006);
#973=CIRCLE('',#2495,1.99999999999999);
#974=CIRCLE('',#2496,1.6);
#975=CIRCLE('',#2498,2.60000000000001);
#976=CIRCLE('',#2499,2.6);
#977=CIRCLE('',#2500,2.59999999999999);
#978=CIRCLE('',#2501,2.6);
#979=CIRCLE('',#2502,48.4);
#980=CIRCLE('',#2503,2.);
#981=CIRCLE('',#2504,2.);
#982=CIRCLE('',#2506,1.6);
#983=CIRCLE('',#2508,1.6);
#984=CIRCLE('',#2510,1.6);
#985=CIRCLE('',#2512,1.6);
#986=CIRCLE('',#2514,1.6);
#987=CIRCLE('',#2517,3.);
#988=CIRCLE('',#2520,3.);
#989=CIRCLE('',#2523,3.);
#990=CIRCLE('',#2526,3.);
#991=CIRCLE('',#2529,48.);
#992=CIRCLE('',#2532,3.);
#993=CIRCLE('',#2535,3.);
#994=CIRCLE('',#2538,3.);
#995=CIRCLE('',#2542,3.60000000000007);
#996=CIRCLE('',#2547,49.);
#997=CIRCLE('',#2549,2.);
#998=CIRCLE('',#2553,3.60000000000007);
#999=CIRCLE('',#2563,49.);
#1000=CIRCLE('',#2565,2.);
#1001=CIRCLE('',#2569,2.59999999999999);
#1002=CIRCLE('',#2572,3.);
#1003=CIRCLE('',#2573,2.6);
#1004=CIRCLE('',#2586,20.7007153248637);
#1005=CIRCLE('',#2587,20.231256053797);
#1006=CIRCLE('',#2589,24.1577956679662);
#1007=CIRCLE('',#2590,24.1577956679662);
#1008=CIRCLE('',#2593,2.);
#1009=CIRCLE('',#2596,2.);
#1010=CIRCLE('',#2598,2.);
#1011=CIRCLE('',#2600,2.);
#1012=CIRCLE('',#2603,48.);
#1013=CIRCLE('',#2608,3.);
#1014=CIRCLE('',#2609,3.);
#1015=CIRCLE('',#2610,3.);
#1016=CIRCLE('',#2612,3.);
#1017=CIRCLE('',#2615,3.);
#1018=CIRCLE('',#2618,3.);
#1019=VERTEX_POINT('',#3271);
#1020=VERTEX_POINT('',#3273);
#1021=VERTEX_POINT('',#3277);
#1022=VERTEX_POINT('',#3279);
#1023=VERTEX_POINT('',#3283);
#1024=VERTEX_POINT('',#3288);
#1025=VERTEX_POINT('',#3289);
#1026=VERTEX_POINT('',#3291);
#1027=VERTEX_POINT('',#3295);
#1028=VERTEX_POINT('',#3299);
#1029=VERTEX_POINT('',#3303);
#1030=VERTEX_POINT('',#3307);
#1031=VERTEX_POINT('',#3313);
#1032=VERTEX_POINT('',#3314);
#1033=VERTEX_POINT('',#3319);
#1034=VERTEX_POINT('',#3323);
#1035=VERTEX_POINT('',#3327);
#1036=VERTEX_POINT('',#3331);
#1037=VERTEX_POINT('',#3338);
#1038=VERTEX_POINT('',#3344);
#1039=VERTEX_POINT('',#3346);
#1040=VERTEX_POINT('',#3350);
#1041=VERTEX_POINT('',#3352);
#1042=VERTEX_POINT('',#3356);
#1043=VERTEX_POINT('',#3361);
#1044=VERTEX_POINT('',#3362);
#1045=VERTEX_POINT('',#3364);
#1046=VERTEX_POINT('',#3368);
#1047=VERTEX_POINT('',#3372);
#1048=VERTEX_POINT('',#3376);
#1049=VERTEX_POINT('',#3380);
#1050=VERTEX_POINT('',#3386);
#1051=VERTEX_POINT('',#3387);
#1052=VERTEX_POINT('',#3392);
#1053=VERTEX_POINT('',#3396);
#1054=VERTEX_POINT('',#3400);
#1055=VERTEX_POINT('',#3404);
#1056=VERTEX_POINT('',#3411);
#1057=VERTEX_POINT('',#3417);
#1058=VERTEX_POINT('',#3419);
#1059=VERTEX_POINT('',#3423);
#1060=VERTEX_POINT('',#3425);
#1061=VERTEX_POINT('',#3429);
#1062=VERTEX_POINT('',#3434);
#1063=VERTEX_POINT('',#3435);
#1064=VERTEX_POINT('',#3437);
#1065=VERTEX_POINT('',#3441);
#1066=VERTEX_POINT('',#3445);
#1067=VERTEX_POINT('',#3449);
#1068=VERTEX_POINT('',#3453);
#1069=VERTEX_POINT('',#3459);
#1070=VERTEX_POINT('',#3460);
#1071=VERTEX_POINT('',#3465);
#1072=VERTEX_POINT('',#3469);
#1073=VERTEX_POINT('',#3473);
#1074=VERTEX_POINT('',#3477);
#1075=VERTEX_POINT('',#3484);
#1076=VERTEX_POINT('',#3489);
#1077=VERTEX_POINT('',#3490);
#1078=VERTEX_POINT('',#3498);
#1079=VERTEX_POINT('',#3500);
#1080=VERTEX_POINT('',#3513);
#1081=VERTEX_POINT('',#3519);
#1082=VERTEX_POINT('',#3524);
#1083=VERTEX_POINT('',#3526);
#1084=VERTEX_POINT('',#3528);
#1085=VERTEX_POINT('',#3530);
#1086=VERTEX_POINT('',#3535);
#1087=VERTEX_POINT('',#3540);
#1088=VERTEX_POINT('',#3545);
#1089=VERTEX_POINT('',#3547);
#1090=VERTEX_POINT('',#3552);
#1091=VERTEX_POINT('',#3558);
#1092=VERTEX_POINT('',#3560);
#1093=VERTEX_POINT('',#3562);
#1094=VERTEX_POINT('',#3564);
#1095=VERTEX_POINT('',#3575);
#1096=VERTEX_POINT('',#3577);
#1097=VERTEX_POINT('',#3581);
#1098=VERTEX_POINT('',#3582);
#1099=VERTEX_POINT('',#3584);
#1100=VERTEX_POINT('',#3586);
#1101=VERTEX_POINT('',#3588);
#1102=VERTEX_POINT('',#3590);
#1103=VERTEX_POINT('',#3592);
#1104=VERTEX_POINT('',#3594);
#1105=VERTEX_POINT('',#3596);
#1106=VERTEX_POINT('',#3598);
#1107=VERTEX_POINT('',#3600);
#1108=VERTEX_POINT('',#3603);
#1109=VERTEX_POINT('',#3605);
#1110=VERTEX_POINT('',#3608);
#1111=VERTEX_POINT('',#3612);
#1112=VERTEX_POINT('',#3616);
#1113=VERTEX_POINT('',#3620);
#1114=VERTEX_POINT('',#3624);
#1115=VERTEX_POINT('',#3628);
#1116=VERTEX_POINT('',#3629);
#1117=VERTEX_POINT('',#3634);
#1118=VERTEX_POINT('',#3638);
#1119=VERTEX_POINT('',#3642);
#1120=VERTEX_POINT('',#3646);
#1121=VERTEX_POINT('',#3650);
#1122=VERTEX_POINT('',#3654);
#1123=VERTEX_POINT('',#3658);
#1124=VERTEX_POINT('',#3662);
#1125=VERTEX_POINT('',#3666);
#1126=VERTEX_POINT('',#3672);
#1127=VERTEX_POINT('',#3674);
#1128=VERTEX_POINT('',#3678);
#1129=VERTEX_POINT('',#3680);
#1130=VERTEX_POINT('',#3682);
#1131=VERTEX_POINT('',#3684);
#1132=VERTEX_POINT('',#3686);
#1133=VERTEX_POINT('',#3688);
#1134=VERTEX_POINT('',#3690);
#1135=VERTEX_POINT('',#3692);
#1136=VERTEX_POINT('',#3694);
#1137=VERTEX_POINT('',#3701);
#1138=VERTEX_POINT('',#3705);
#1139=VERTEX_POINT('',#3709);
#1140=VERTEX_POINT('',#3713);
#1141=VERTEX_POINT('',#3736);
#1142=VERTEX_POINT('',#3737);
#1143=VERTEX_POINT('',#3756);
#1144=VERTEX_POINT('',#3783);
#1145=VERTEX_POINT('',#3785);
#1146=VERTEX_POINT('',#3805);
#1147=VERTEX_POINT('',#3807);
#1148=VERTEX_POINT('',#3811);
#1149=VERTEX_POINT('',#3815);
#1150=VERTEX_POINT('',#3819);
#1151=VERTEX_POINT('',#3821);
#1152=VERTEX_POINT('',#3860);
#1153=VERTEX_POINT('',#3862);
#1154=VERTEX_POINT('',#3889);
#1155=VERTEX_POINT('',#3891);
#1156=VERTEX_POINT('',#3895);
#1157=VERTEX_POINT('',#3899);
#1158=VERTEX_POINT('',#3942);
#1159=VERTEX_POINT('',#3943);
#1160=VERTEX_POINT('',#3956);
#1161=VERTEX_POINT('',#4027);
#1162=VERTEX_POINT('',#4032);
#1163=VERTEX_POINT('',#4090);
#1164=VERTEX_POINT('',#4094);
#1165=VERTEX_POINT('',#4101);
#1166=VERTEX_POINT('',#4105);
#1167=VERTEX_POINT('',#4107);
#1168=VERTEX_POINT('',#4126);
#1169=VERTEX_POINT('',#4128);
#1170=VERTEX_POINT('',#4162);
#1171=VERTEX_POINT('',#4164);
#1172=VERTEX_POINT('',#4168);
#1173=VERTEX_POINT('',#4172);
#1174=VERTEX_POINT('',#4198);
#1175=VERTEX_POINT('',#4256);
#1176=VERTEX_POINT('',#4258);
#1177=VERTEX_POINT('',#4262);
#1178=VERTEX_POINT('',#4266);
#1179=VERTEX_POINT('',#4267);
#1180=VERTEX_POINT('',#4272);
#1181=VERTEX_POINT('',#4273);
#1182=VERTEX_POINT('',#4278);
#1183=VERTEX_POINT('',#4279);
#1184=VERTEX_POINT('',#4307);
#1185=VERTEX_POINT('',#4308);
#1186=VERTEX_POINT('',#4310);
#1187=VERTEX_POINT('',#4317);
#1188=VERTEX_POINT('',#4350);
#1189=VERTEX_POINT('',#4351);
#1190=VERTEX_POINT('',#4353);
#1191=VERTEX_POINT('',#4355);
#1192=VERTEX_POINT('',#4398);
#1193=VERTEX_POINT('',#4400);
#1194=VERTEX_POINT('',#4405);
#1195=VERTEX_POINT('',#4457);
#1196=VERTEX_POINT('',#4459);
#1197=VERTEX_POINT('',#4461);
#1198=VERTEX_POINT('',#4465);
#1199=VERTEX_POINT('',#4469);
#1200=VERTEX_POINT('',#4471);
#1201=VERTEX_POINT('',#4475);
#1202=VERTEX_POINT('',#4480);
#1203=VERTEX_POINT('',#4482);
#1204=VERTEX_POINT('',#4486);
#1205=VERTEX_POINT('',#4492);
#1206=VERTEX_POINT('',#4496);
#1207=VERTEX_POINT('',#4500);
#1208=VERTEX_POINT('',#4506);
#1209=VERTEX_POINT('',#4512);
#1210=VERTEX_POINT('',#4521);
#1211=VERTEX_POINT('',#4523);
#1212=VERTEX_POINT('',#4525);
#1213=VERTEX_POINT('',#4528);
#1214=VERTEX_POINT('',#4533);
#1215=VERTEX_POINT('',#4538);
#1216=EDGE_CURVE('',#1019,#1019,#944,.T.);
#1217=EDGE_CURVE('',#1019,#1020,#550,.T.);
#1218=EDGE_CURVE('',#1020,#1020,#945,.T.);
#1219=EDGE_CURVE('',#1021,#1021,#946,.T.);
#1220=EDGE_CURVE('',#1021,#1022,#947,.T.);
#1221=EDGE_CURVE('',#1022,#1022,#948,.T.);
#1222=EDGE_CURVE('',#1023,#1023,#949,.T.);
#1223=EDGE_CURVE('',#1019,#1022,#551,.T.);
#1224=EDGE_CURVE('',#1024,#1025,#552,.T.);
#1225=EDGE_CURVE('',#1026,#1024,#553,.T.);
#1226=EDGE_CURVE('',#1026,#1025,#554,.T.);
#1227=EDGE_CURVE('',#1027,#1026,#555,.T.);
#1228=EDGE_CURVE('',#1027,#1025,#556,.T.);
#1229=EDGE_CURVE('',#1028,#1027,#557,.T.);
#1230=EDGE_CURVE('',#1028,#1025,#558,.T.);
#1231=EDGE_CURVE('',#1029,#1028,#559,.T.);
#1232=EDGE_CURVE('',#1029,#1025,#560,.T.);
#1233=EDGE_CURVE('',#1030,#1029,#561,.T.);
#1234=EDGE_CURVE('',#1030,#1025,#562,.T.);
#1235=EDGE_CURVE('',#1024,#1030,#563,.T.);
#1236=EDGE_CURVE('',#1031,#1032,#564,.T.);
#1237=EDGE_CURVE('',#1031,#1026,#565,.T.);
#1238=EDGE_CURVE('',#1032,#1024,#566,.T.);
#1239=EDGE_CURVE('',#1033,#1031,#567,.T.);
#1240=EDGE_CURVE('',#1033,#1027,#568,.T.);
#1241=EDGE_CURVE('',#1034,#1033,#569,.T.);
#1242=EDGE_CURVE('',#1034,#1028,#570,.T.);
#1243=EDGE_CURVE('',#1035,#1034,#571,.T.);
#1244=EDGE_CURVE('',#1035,#1029,#572,.T.);
#1245=EDGE_CURVE('',#1036,#1035,#573,.T.);
#1246=EDGE_CURVE('',#1036,#1030,#574,.T.);
#1247=EDGE_CURVE('',#1032,#1036,#575,.T.);
#1248=EDGE_CURVE('',#1037,#1037,#950,.T.);
#1249=EDGE_CURVE('',#1037,#1023,#951,.T.);
#1250=EDGE_CURVE('',#1038,#1038,#952,.T.);
#1251=EDGE_CURVE('',#1038,#1039,#576,.T.);
#1252=EDGE_CURVE('',#1039,#1039,#953,.T.);
#1253=EDGE_CURVE('',#1040,#1040,#954,.T.);
#1254=EDGE_CURVE('',#1040,#1041,#955,.T.);
#1255=EDGE_CURVE('',#1041,#1041,#956,.T.);
#1256=EDGE_CURVE('',#1042,#1042,#957,.T.);
#1257=EDGE_CURVE('',#1038,#1041,#577,.T.);
#1258=EDGE_CURVE('',#1043,#1044,#578,.T.);
#1259=EDGE_CURVE('',#1045,#1043,#579,.T.);
#1260=EDGE_CURVE('',#1045,#1044,#580,.T.);
#1261=EDGE_CURVE('',#1046,#1045,#581,.T.);
#1262=EDGE_CURVE('',#1046,#1044,#582,.T.);
#1263=EDGE_CURVE('',#1047,#1046,#583,.T.);
#1264=EDGE_CURVE('',#1047,#1044,#584,.T.);
#1265=EDGE_CURVE('',#1048,#1047,#585,.T.);
#1266=EDGE_CURVE('',#1048,#1044,#586,.T.);
#1267=EDGE_CURVE('',#1049,#1048,#587,.T.);
#1268=EDGE_CURVE('',#1049,#1044,#588,.T.);
#1269=EDGE_CURVE('',#1043,#1049,#589,.T.);
#1270=EDGE_CURVE('',#1050,#1051,#590,.T.);
#1271=EDGE_CURVE('',#1050,#1045,#591,.T.);
#1272=EDGE_CURVE('',#1051,#1043,#592,.T.);
#1273=EDGE_CURVE('',#1052,#1050,#593,.T.);
#1274=EDGE_CURVE('',#1052,#1046,#594,.T.);
#1275=EDGE_CURVE('',#1053,#1052,#595,.T.);
#1276=EDGE_CURVE('',#1053,#1047,#596,.T.);
#1277=EDGE_CURVE('',#1054,#1053,#597,.T.);
#1278=EDGE_CURVE('',#1054,#1048,#598,.T.);
#1279=EDGE_CURVE('',#1055,#1054,#599,.T.);
#1280=EDGE_CURVE('',#1055,#1049,#600,.T.);
#1281=EDGE_CURVE('',#1051,#1055,#601,.T.);
#1282=EDGE_CURVE('',#1056,#1056,#958,.T.);
#1283=EDGE_CURVE('',#1056,#1042,#959,.T.);
#1284=EDGE_CURVE('',#1057,#1057,#960,.T.);
#1285=EDGE_CURVE('',#1057,#1058,#602,.T.);
#1286=EDGE_CURVE('',#1058,#1058,#961,.T.);
#1287=EDGE_CURVE('',#1059,#1059,#962,.T.);
#1288=EDGE_CURVE('',#1059,#1060,#963,.T.);
#1289=EDGE_CURVE('',#1060,#1060,#964,.T.);
#1290=EDGE_CURVE('',#1061,#1061,#965,.T.);
#1291=EDGE_CURVE('',#1057,#1060,#603,.T.);
#1292=EDGE_CURVE('',#1062,#1063,#604,.T.);
#1293=EDGE_CURVE('',#1064,#1062,#605,.T.);
#1294=EDGE_CURVE('',#1064,#1063,#606,.T.);
#1295=EDGE_CURVE('',#1065,#1064,#607,.T.);
#1296=EDGE_CURVE('',#1065,#1063,#608,.T.);
#1297=EDGE_CURVE('',#1066,#1065,#609,.T.);
#1298=EDGE_CURVE('',#1066,#1063,#610,.T.);
#1299=EDGE_CURVE('',#1067,#1066,#611,.T.);
#1300=EDGE_CURVE('',#1067,#1063,#612,.T.);
#1301=EDGE_CURVE('',#1068,#1067,#613,.T.);
#1302=EDGE_CURVE('',#1068,#1063,#614,.T.);
#1303=EDGE_CURVE('',#1062,#1068,#615,.T.);
#1304=EDGE_CURVE('',#1069,#1070,#616,.T.);
#1305=EDGE_CURVE('',#1069,#1064,#617,.T.);
#1306=EDGE_CURVE('',#1070,#1062,#618,.T.);
#1307=EDGE_CURVE('',#1071,#1069,#619,.T.);
#1308=EDGE_CURVE('',#1071,#1065,#620,.T.);
#1309=EDGE_CURVE('',#1072,#1071,#621,.T.);
#1310=EDGE_CURVE('',#1072,#1066,#622,.T.);
#1311=EDGE_CURVE('',#1073,#1072,#623,.T.);
#1312=EDGE_CURVE('',#1073,#1067,#624,.T.);
#1313=EDGE_CURVE('',#1074,#1073,#625,.T.);
#1314=EDGE_CURVE('',#1074,#1068,#626,.T.);
#1315=EDGE_CURVE('',#1070,#1074,#627,.T.);
#1316=EDGE_CURVE('',#1075,#1075,#966,.T.);
#1317=EDGE_CURVE('',#1075,#1061,#967,.T.);
#1318=EDGE_CURVE('',#1076,#1077,#55,.T.);
#1319=EDGE_CURVE('',#1077,#1078,#968,.T.);
#1320=EDGE_CURVE('',#1078,#1079,#56,.T.);
#1321=EDGE_CURVE('',#1079,#1076,#969,.T.);
#1322=EDGE_CURVE('',#1080,#1077,#57,.T.);
#1323=EDGE_CURVE('',#1081,#1080,#58,.T.);
#1324=EDGE_CURVE('',#1082,#1081,#628,.T.);
#1325=EDGE_CURVE('',#1083,#1082,#970,.T.);
#1326=EDGE_CURVE('',#1084,#1083,#971,.T.);
#1327=EDGE_CURVE('',#1085,#1084,#59,.T.);
#1328=EDGE_CURVE('',#1086,#1085,#60,.T.);
#1329=EDGE_CURVE('',#1087,#1086,#61,.T.);
#1330=EDGE_CURVE('',#1088,#1087,#629,.T.);
#1331=EDGE_CURVE('',#1089,#1088,#62,.T.);
#1332=EDGE_CURVE('',#1090,#1089,#63,.T.);
#1333=EDGE_CURVE('',#1091,#1090,#630,.T.);
#1334=EDGE_CURVE('',#1092,#1091,#972,.T.);
#1335=EDGE_CURVE('',#1093,#1092,#631,.T.);
#1336=EDGE_CURVE('',#1094,#1093,#64,.T.);
#1337=EDGE_CURVE('',#1078,#1094,#65,.T.);
#1338=EDGE_CURVE('',#1095,#1095,#973,.T.);
#1339=EDGE_CURVE('',#1095,#1096,#632,.T.);
#1340=EDGE_CURVE('',#1096,#1096,#974,.T.);
#1341=EDGE_CURVE('',#1097,#1098,#633,.T.);
#1342=EDGE_CURVE('',#1099,#1097,#975,.T.);
#1343=EDGE_CURVE('',#1100,#1099,#634,.T.);
#1344=EDGE_CURVE('',#1101,#1100,#976,.T.);
#1345=EDGE_CURVE('',#1102,#1101,#635,.T.);
#1346=EDGE_CURVE('',#1103,#1102,#977,.T.);
#1347=EDGE_CURVE('',#1104,#1103,#636,.T.);
#1348=EDGE_CURVE('',#1105,#1104,#978,.T.);
#1349=EDGE_CURVE('',#1106,#1105,#637,.T.);
#1350=EDGE_CURVE('',#1107,#1106,#979,.T.);
#1351=EDGE_CURVE('',#1098,#1107,#638,.T.);
#1352=EDGE_CURVE('',#1108,#1108,#980,.T.);
#1353=EDGE_CURVE('',#1109,#1109,#981,.T.);
#1354=EDGE_CURVE('',#1110,#1110,#982,.T.);
#1355=EDGE_CURVE('',#1110,#1096,#639,.T.);
#1356=EDGE_CURVE('',#1108,#1111,#640,.T.);
#1357=EDGE_CURVE('',#1111,#1111,#983,.T.);
#1358=EDGE_CURVE('',#1112,#1112,#984,.T.);
#1359=EDGE_CURVE('',#1112,#1111,#641,.T.);
#1360=EDGE_CURVE('',#1109,#1113,#642,.T.);
#1361=EDGE_CURVE('',#1113,#1113,#985,.T.);
#1362=EDGE_CURVE('',#1114,#1114,#986,.T.);
#1363=EDGE_CURVE('',#1114,#1113,#643,.T.);
#1364=EDGE_CURVE('',#1115,#1116,#644,.T.);
#1365=EDGE_CURVE('',#1116,#1097,#645,.T.);
#1366=EDGE_CURVE('',#1098,#1115,#646,.T.);
#1367=EDGE_CURVE('',#1116,#1117,#987,.T.);
#1368=EDGE_CURVE('',#1117,#1099,#647,.T.);
#1369=EDGE_CURVE('',#1118,#1100,#648,.T.);
#1370=EDGE_CURVE('',#1117,#1118,#649,.T.);
#1371=EDGE_CURVE('',#1118,#1119,#988,.T.);
#1372=EDGE_CURVE('',#1119,#1101,#650,.T.);
#1373=EDGE_CURVE('',#1120,#1102,#651,.T.);
#1374=EDGE_CURVE('',#1119,#1120,#652,.T.);
#1375=EDGE_CURVE('',#1120,#1121,#989,.T.);
#1376=EDGE_CURVE('',#1121,#1103,#653,.T.);
#1377=EDGE_CURVE('',#1121,#1122,#654,.T.);
#1378=EDGE_CURVE('',#1122,#1104,#655,.T.);
#1379=EDGE_CURVE('',#1122,#1123,#990,.T.);
#1380=EDGE_CURVE('',#1123,#1105,#656,.T.);
#1381=EDGE_CURVE('',#1123,#1124,#657,.T.);
#1382=EDGE_CURVE('',#1124,#1106,#658,.T.);
#1383=EDGE_CURVE('',#1124,#1125,#991,.T.);
#1384=EDGE_CURVE('',#1125,#1107,#659,.T.);
#1385=EDGE_CURVE('',#1125,#1115,#660,.T.);
#1386=EDGE_CURVE('',#1120,#1126,#661,.T.);
#1387=EDGE_CURVE('',#1127,#1126,#992,.T.);
#1388=EDGE_CURVE('',#1121,#1127,#662,.T.);
#1389=EDGE_CURVE('',#1128,#1119,#663,.T.);
#1390=EDGE_CURVE('',#1129,#1128,#664,.T.);
#1391=EDGE_CURVE('',#1129,#1130,#665,.T.);
#1392=EDGE_CURVE('',#1131,#1130,#666,.T.);
#1393=EDGE_CURVE('',#1132,#1131,#667,.T.);
#1394=EDGE_CURVE('',#1133,#1132,#668,.T.);
#1395=EDGE_CURVE('',#1134,#1133,#669,.T.);
#1396=EDGE_CURVE('',#1135,#1134,#670,.T.);
#1397=EDGE_CURVE('',#1136,#1135,#66,.T.);
#1398=EDGE_CURVE('',#1126,#1136,#671,.T.);
#1399=EDGE_CURVE('',#1118,#1137,#672,.T.);
#1400=EDGE_CURVE('',#1137,#1128,#993,.T.);
#1401=EDGE_CURVE('',#1138,#1117,#673,.T.);
#1402=EDGE_CURVE('',#1137,#1138,#674,.T.);
#1403=EDGE_CURVE('',#1116,#1139,#675,.T.);
#1404=EDGE_CURVE('',#1139,#1138,#994,.T.);
#1405=EDGE_CURVE('',#1140,#1115,#676,.T.);
#1406=EDGE_CURVE('',#1139,#1140,#677,.T.);
#1407=EDGE_CURVE('',#1141,#1142,#67,.F.);
#1408=EDGE_CURVE('',#1079,#1142,#68,.T.);
#1409=EDGE_CURVE('',#1094,#1143,#678,.T.);
#1410=EDGE_CURVE('',#1143,#1141,#69,.T.);
#1411=EDGE_CURVE('',#1089,#1144,#679,.T.);
#1412=EDGE_CURVE('',#1144,#1145,#70,.T.);
#1413=EDGE_CURVE('',#1145,#1090,#71,.T.);
#1414=EDGE_CURVE('',#1146,#1093,#680,.T.);
#1415=EDGE_CURVE('',#1092,#1147,#681,.T.);
#1416=EDGE_CURVE('',#1147,#1146,#682,.T.);
#1417=EDGE_CURVE('',#1091,#1148,#683,.T.);
#1418=EDGE_CURVE('',#1148,#1147,#995,.T.);
#1419=EDGE_CURVE('',#1149,#1148,#684,.T.);
#1420=EDGE_CURVE('',#1145,#1149,#27,.T.);
#1421=EDGE_CURVE('',#1087,#1150,#685,.T.);
#1422=EDGE_CURVE('',#1150,#1151,#686,.T.);
#1423=EDGE_CURVE('',#1151,#1088,#687,.T.);
#1424=EDGE_CURVE('',#1151,#1144,#72,.T.);
#1425=EDGE_CURVE('',#1085,#1152,#688,.T.);
#1426=EDGE_CURVE('',#1152,#1153,#73,.T.);
#1427=EDGE_CURVE('',#1153,#1086,#689,.T.);
#1428=EDGE_CURVE('',#1153,#1150,#74,.T.);
#1429=EDGE_CURVE('',#1154,#1084,#690,.T.);
#1430=EDGE_CURVE('',#1083,#1155,#691,.T.);
#1431=EDGE_CURVE('',#1155,#1154,#996,.T.);
#1432=EDGE_CURVE('',#1082,#1156,#692,.T.);
#1433=EDGE_CURVE('',#1156,#1155,#997,.T.);
#1434=EDGE_CURVE('',#1081,#1157,#693,.T.);
#1435=EDGE_CURVE('',#1157,#1156,#694,.T.);
#1436=EDGE_CURVE('',#1154,#1152,#75,.T.);
#1437=EDGE_CURVE('',#1158,#1159,#76,.F.);
#1438=EDGE_CURVE('',#1159,#1160,#77,.T.);
#1439=EDGE_CURVE('',#1160,#1080,#695,.T.);
#1440=EDGE_CURVE('',#1158,#1076,#78,.T.);
#1441=EDGE_CURVE('',#1160,#1157,#79,.T.);
#1442=EDGE_CURVE('',#1146,#1143,#80,.T.);
#1443=EDGE_CURVE('',#1146,#1161,#81,.T.);
#1444=EDGE_CURVE('',#1162,#1161,#82,.T.);
#1445=EDGE_CURVE('',#1162,#1141,#83,.T.);
#1446=EDGE_CURVE('',#1163,#1147,#696,.T.);
#1447=EDGE_CURVE('',#1161,#1163,#697,.T.);
#1448=EDGE_CURVE('',#1164,#1148,#698,.T.);
#1449=EDGE_CURVE('',#1163,#1164,#998,.T.);
#1450=EDGE_CURVE('',#1130,#1149,#28,.T.);
#1451=EDGE_CURVE('',#1164,#1129,#699,.T.);
#1452=EDGE_CURVE('',#1144,#1165,#700,.T.);
#1453=EDGE_CURVE('',#1131,#1165,#29,.T.);
#1454=EDGE_CURVE('',#1166,#1150,#30,.T.);
#1455=EDGE_CURVE('',#1167,#1166,#701,.T.);
#1456=EDGE_CURVE('',#1165,#1167,#31,.T.);
#1457=EDGE_CURVE('',#1152,#1168,#32,.T.);
#1458=EDGE_CURVE('',#1169,#1168,#84,.T.);
#1459=EDGE_CURVE('',#1169,#1166,#85,.T.);
#1460=EDGE_CURVE('',#1170,#1155,#702,.T.);
#1461=EDGE_CURVE('',#1170,#1171,#999,.T.);
#1462=EDGE_CURVE('',#1168,#1171,#703,.T.);
#1463=EDGE_CURVE('',#1156,#1172,#704,.T.);
#1464=EDGE_CURVE('',#1172,#1170,#1000,.F.);
#1465=EDGE_CURVE('',#1173,#1157,#86,.T.);
#1466=EDGE_CURVE('',#1172,#1173,#705,.T.);
#1467=EDGE_CURVE('',#1159,#1174,#87,.T.);
#1468=EDGE_CURVE('',#1173,#1174,#88,.T.);
#1469=EDGE_CURVE('',#1175,#1126,#706,.T.);
#1470=EDGE_CURVE('',#1136,#1176,#707,.T.);
#1471=EDGE_CURVE('',#1176,#1175,#708,.T.);
#1472=EDGE_CURVE('',#1177,#1127,#709,.T.);
#1473=EDGE_CURVE('',#1175,#1177,#1001,.T.);
#1474=EDGE_CURVE('',#1178,#1179,#710,.T.);
#1475=EDGE_CURVE('',#1179,#1127,#711,.T.);
#1476=EDGE_CURVE('',#1177,#1178,#712,.T.);
#1477=EDGE_CURVE('',#1180,#1181,#713,.T.);
#1478=EDGE_CURVE('',#1181,#1179,#1002,.T.);
#1479=EDGE_CURVE('',#1178,#1180,#1003,.T.);
#1480=EDGE_CURVE('',#1182,#1183,#714,.T.);
#1481=EDGE_CURVE('',#1183,#1181,#715,.T.);
#1482=EDGE_CURVE('',#1180,#1182,#716,.T.);
#1483=EDGE_CURVE('',#1184,#1185,#717,.T.);
#1484=EDGE_CURVE('',#1185,#1186,#89,.T.);
#1485=EDGE_CURVE('',#1186,#1187,#718,.T.);
#1486=EDGE_CURVE('',#1187,#1184,#90,.T.);
#1487=EDGE_CURVE('',#1184,#1183,#91,.T.);
#1488=EDGE_CURVE('',#1182,#1185,#92,.T.);
#1489=EDGE_CURVE('',#1188,#1189,#719,.T.);
#1490=EDGE_CURVE('',#1189,#1190,#720,.T.);
#1491=EDGE_CURVE('',#1190,#1191,#721,.T.);
#1492=EDGE_CURVE('',#1191,#1188,#722,.T.);
#1493=EDGE_CURVE('',#1190,#1187,#93,.T.);
#1494=EDGE_CURVE('',#1186,#1191,#94,.T.);
#1495=EDGE_CURVE('',#1192,#1135,#723,.T.);
#1496=EDGE_CURVE('',#1135,#1193,#95,.T.);
#1497=EDGE_CURVE('',#1193,#1194,#724,.T.);
#1498=EDGE_CURVE('',#1194,#1192,#96,.T.);
#1499=EDGE_CURVE('',#1193,#1189,#97,.T.);
#1500=EDGE_CURVE('',#1188,#1194,#98,.T.);
#1501=EDGE_CURVE('',#1192,#1176,#99,.T.);
#1502=EDGE_CURVE('',#1123,#1181,#725,.T.);
#1503=EDGE_CURVE('',#1195,#1184,#726,.T.);
#1504=EDGE_CURVE('',#1196,#1195,#727,.T.);
#1505=EDGE_CURVE('',#1196,#1197,#728,.T.);
#1506=EDGE_CURVE('',#1124,#1197,#729,.T.);
#1507=EDGE_CURVE('',#1187,#1198,#730,.T.);
#1508=EDGE_CURVE('',#1195,#1198,#33,.T.);
#1509=EDGE_CURVE('',#1199,#1189,#731,.T.);
#1510=EDGE_CURVE('',#1200,#1199,#732,.T.);
#1511=EDGE_CURVE('',#1198,#1200,#34,.T.);
#1512=EDGE_CURVE('',#1134,#1201,#35,.T.);
#1513=EDGE_CURVE('',#1201,#1199,#36,.T.);
#1514=EDGE_CURVE('',#1202,#1202,#1004,.T.);
#1515=EDGE_CURVE('',#1202,#1203,#733,.T.);
#1516=EDGE_CURVE('',#1203,#1203,#1005,.T.);
#1517=EDGE_CURVE('',#1202,#1204,#734,.T.);
#1518=EDGE_CURVE('',#1174,#1204,#1006,.T.);
#1519=EDGE_CURVE('',#1204,#1162,#1007,.T.);
#1520=EDGE_CURVE('',#1171,#1205,#1008,.F.);
#1521=EDGE_CURVE('',#1205,#1169,#735,.T.);
#1522=EDGE_CURVE('',#1206,#1205,#736,.T.);
#1523=EDGE_CURVE('',#1167,#1206,#737,.T.);
#1524=EDGE_CURVE('',#1200,#1207,#738,.T.);
#1525=EDGE_CURVE('',#1207,#1196,#1009,.F.);
#1526=EDGE_CURVE('',#1206,#1132,#1010,.F.);
#1527=EDGE_CURVE('',#1133,#1208,#1011,.F.);
#1528=EDGE_CURVE('',#1208,#1201,#739,.T.);
#1529=EDGE_CURVE('',#1207,#1208,#740,.T.);
#1530=EDGE_CURVE('',#1197,#1209,#1012,.T.);
#1531=EDGE_CURVE('',#1209,#1125,#741,.T.);
#1532=EDGE_CURVE('',#1122,#1179,#742,.T.);
#1533=EDGE_CURVE('',#1209,#1140,#743,.T.);
#1534=EDGE_CURVE('',#1210,#1210,#1013,.T.);
#1535=EDGE_CURVE('',#1211,#1211,#1014,.T.);
#1536=EDGE_CURVE('',#1212,#1212,#1015,.T.);
#1537=EDGE_CURVE('',#1213,#1213,#1016,.T.);
#1538=EDGE_CURVE('',#1210,#1213,#744,.T.);
#1539=EDGE_CURVE('',#1214,#1214,#1017,.T.);
#1540=EDGE_CURVE('',#1211,#1214,#745,.T.);
#1541=EDGE_CURVE('',#1215,#1215,#1018,.T.);
#1542=EDGE_CURVE('',#1212,#1215,#746,.T.);
#1543=ORIENTED_EDGE('',*,*,#1216,.F.);
#1544=ORIENTED_EDGE('',*,*,#1217,.T.);
#1545=ORIENTED_EDGE('',*,*,#1218,.F.);
#1546=ORIENTED_EDGE('',*,*,#1217,.F.);
#1547=ORIENTED_EDGE('',*,*,#1219,.T.);
#1548=ORIENTED_EDGE('',*,*,#1220,.T.);
#1549=ORIENTED_EDGE('',*,*,#1221,.T.);
#1550=ORIENTED_EDGE('',*,*,#1220,.F.);
#1551=ORIENTED_EDGE('',*,*,#1222,.T.);
#1552=ORIENTED_EDGE('',*,*,#1219,.F.);
#1553=ORIENTED_EDGE('',*,*,#1216,.T.);
#1554=ORIENTED_EDGE('',*,*,#1223,.T.);
#1555=ORIENTED_EDGE('',*,*,#1221,.F.);
#1556=ORIENTED_EDGE('',*,*,#1223,.F.);
#1557=ORIENTED_EDGE('',*,*,#1224,.F.);
#1558=ORIENTED_EDGE('',*,*,#1225,.F.);
#1559=ORIENTED_EDGE('',*,*,#1226,.T.);
#1560=ORIENTED_EDGE('',*,*,#1226,.F.);
#1561=ORIENTED_EDGE('',*,*,#1227,.F.);
#1562=ORIENTED_EDGE('',*,*,#1228,.T.);
#1563=ORIENTED_EDGE('',*,*,#1228,.F.);
#1564=ORIENTED_EDGE('',*,*,#1229,.F.);
#1565=ORIENTED_EDGE('',*,*,#1230,.T.);
#1566=ORIENTED_EDGE('',*,*,#1230,.F.);
#1567=ORIENTED_EDGE('',*,*,#1231,.F.);
#1568=ORIENTED_EDGE('',*,*,#1232,.T.);
#1569=ORIENTED_EDGE('',*,*,#1232,.F.);
#1570=ORIENTED_EDGE('',*,*,#1233,.F.);
#1571=ORIENTED_EDGE('',*,*,#1234,.T.);
#1572=ORIENTED_EDGE('',*,*,#1234,.F.);
#1573=ORIENTED_EDGE('',*,*,#1235,.F.);
#1574=ORIENTED_EDGE('',*,*,#1224,.T.);
#1575=ORIENTED_EDGE('',*,*,#1236,.F.);
#1576=ORIENTED_EDGE('',*,*,#1237,.T.);
#1577=ORIENTED_EDGE('',*,*,#1225,.T.);
#1578=ORIENTED_EDGE('',*,*,#1238,.F.);
#1579=ORIENTED_EDGE('',*,*,#1239,.F.);
#1580=ORIENTED_EDGE('',*,*,#1240,.T.);
#1581=ORIENTED_EDGE('',*,*,#1227,.T.);
#1582=ORIENTED_EDGE('',*,*,#1237,.F.);
#1583=ORIENTED_EDGE('',*,*,#1241,.F.);
#1584=ORIENTED_EDGE('',*,*,#1242,.T.);
#1585=ORIENTED_EDGE('',*,*,#1229,.T.);
#1586=ORIENTED_EDGE('',*,*,#1240,.F.);
#1587=ORIENTED_EDGE('',*,*,#1243,.F.);
#1588=ORIENTED_EDGE('',*,*,#1244,.T.);
#1589=ORIENTED_EDGE('',*,*,#1231,.T.);
#1590=ORIENTED_EDGE('',*,*,#1242,.F.);
#1591=ORIENTED_EDGE('',*,*,#1245,.F.);
#1592=ORIENTED_EDGE('',*,*,#1246,.T.);
#1593=ORIENTED_EDGE('',*,*,#1233,.T.);
#1594=ORIENTED_EDGE('',*,*,#1244,.F.);
#1595=ORIENTED_EDGE('',*,*,#1247,.F.);
#1596=ORIENTED_EDGE('',*,*,#1238,.T.);
#1597=ORIENTED_EDGE('',*,*,#1235,.T.);
#1598=ORIENTED_EDGE('',*,*,#1246,.F.);
#1599=ORIENTED_EDGE('',*,*,#1218,.T.);
#1600=ORIENTED_EDGE('',*,*,#1248,.F.);
#1601=ORIENTED_EDGE('',*,*,#1236,.T.);
#1602=ORIENTED_EDGE('',*,*,#1247,.T.);
#1603=ORIENTED_EDGE('',*,*,#1245,.T.);
#1604=ORIENTED_EDGE('',*,*,#1243,.T.);
#1605=ORIENTED_EDGE('',*,*,#1241,.T.);
#1606=ORIENTED_EDGE('',*,*,#1239,.T.);
#1607=ORIENTED_EDGE('',*,*,#1248,.T.);
#1608=ORIENTED_EDGE('',*,*,#1249,.T.);
#1609=ORIENTED_EDGE('',*,*,#1222,.F.);
#1610=ORIENTED_EDGE('',*,*,#1249,.F.);
#1611=ORIENTED_EDGE('',*,*,#1250,.F.);
#1612=ORIENTED_EDGE('',*,*,#1251,.T.);
#1613=ORIENTED_EDGE('',*,*,#1252,.F.);
#1614=ORIENTED_EDGE('',*,*,#1251,.F.);
#1615=ORIENTED_EDGE('',*,*,#1253,.T.);
#1616=ORIENTED_EDGE('',*,*,#1254,.T.);
#1617=ORIENTED_EDGE('',*,*,#1255,.T.);
#1618=ORIENTED_EDGE('',*,*,#1254,.F.);
#1619=ORIENTED_EDGE('',*,*,#1256,.T.);
#1620=ORIENTED_EDGE('',*,*,#1253,.F.);
#1621=ORIENTED_EDGE('',*,*,#1250,.T.);
#1622=ORIENTED_EDGE('',*,*,#1257,.T.);
#1623=ORIENTED_EDGE('',*,*,#1255,.F.);
#1624=ORIENTED_EDGE('',*,*,#1257,.F.);
#1625=ORIENTED_EDGE('',*,*,#1258,.F.);
#1626=ORIENTED_EDGE('',*,*,#1259,.F.);
#1627=ORIENTED_EDGE('',*,*,#1260,.T.);
#1628=ORIENTED_EDGE('',*,*,#1260,.F.);
#1629=ORIENTED_EDGE('',*,*,#1261,.F.);
#1630=ORIENTED_EDGE('',*,*,#1262,.T.);
#1631=ORIENTED_EDGE('',*,*,#1262,.F.);
#1632=ORIENTED_EDGE('',*,*,#1263,.F.);
#1633=ORIENTED_EDGE('',*,*,#1264,.T.);
#1634=ORIENTED_EDGE('',*,*,#1264,.F.);
#1635=ORIENTED_EDGE('',*,*,#1265,.F.);
#1636=ORIENTED_EDGE('',*,*,#1266,.T.);
#1637=ORIENTED_EDGE('',*,*,#1266,.F.);
#1638=ORIENTED_EDGE('',*,*,#1267,.F.);
#1639=ORIENTED_EDGE('',*,*,#1268,.T.);
#1640=ORIENTED_EDGE('',*,*,#1268,.F.);
#1641=ORIENTED_EDGE('',*,*,#1269,.F.);
#1642=ORIENTED_EDGE('',*,*,#1258,.T.);
#1643=ORIENTED_EDGE('',*,*,#1270,.F.);
#1644=ORIENTED_EDGE('',*,*,#1271,.T.);
#1645=ORIENTED_EDGE('',*,*,#1259,.T.);
#1646=ORIENTED_EDGE('',*,*,#1272,.F.);
#1647=ORIENTED_EDGE('',*,*,#1273,.F.);
#1648=ORIENTED_EDGE('',*,*,#1274,.T.);
#1649=ORIENTED_EDGE('',*,*,#1261,.T.);
#1650=ORIENTED_EDGE('',*,*,#1271,.F.);
#1651=ORIENTED_EDGE('',*,*,#1275,.F.);
#1652=ORIENTED_EDGE('',*,*,#1276,.T.);
#1653=ORIENTED_EDGE('',*,*,#1263,.T.);
#1654=ORIENTED_EDGE('',*,*,#1274,.F.);
#1655=ORIENTED_EDGE('',*,*,#1277,.F.);
#1656=ORIENTED_EDGE('',*,*,#1278,.T.);
#1657=ORIENTED_EDGE('',*,*,#1265,.T.);
#1658=ORIENTED_EDGE('',*,*,#1276,.F.);
#1659=ORIENTED_EDGE('',*,*,#1279,.F.);
#1660=ORIENTED_EDGE('',*,*,#1280,.T.);
#1661=ORIENTED_EDGE('',*,*,#1267,.T.);
#1662=ORIENTED_EDGE('',*,*,#1278,.F.);
#1663=ORIENTED_EDGE('',*,*,#1281,.F.);
#1664=ORIENTED_EDGE('',*,*,#1272,.T.);
#1665=ORIENTED_EDGE('',*,*,#1269,.T.);
#1666=ORIENTED_EDGE('',*,*,#1280,.F.);
#1667=ORIENTED_EDGE('',*,*,#1252,.T.);
#1668=ORIENTED_EDGE('',*,*,#1282,.F.);
#1669=ORIENTED_EDGE('',*,*,#1270,.T.);
#1670=ORIENTED_EDGE('',*,*,#1281,.T.);
#1671=ORIENTED_EDGE('',*,*,#1279,.T.);
#1672=ORIENTED_EDGE('',*,*,#1277,.T.);
#1673=ORIENTED_EDGE('',*,*,#1275,.T.);
#1674=ORIENTED_EDGE('',*,*,#1273,.T.);
#1675=ORIENTED_EDGE('',*,*,#1282,.T.);
#1676=ORIENTED_EDGE('',*,*,#1283,.T.);
#1677=ORIENTED_EDGE('',*,*,#1256,.F.);
#1678=ORIENTED_EDGE('',*,*,#1283,.F.);
#1679=ORIENTED_EDGE('',*,*,#1284,.F.);
#1680=ORIENTED_EDGE('',*,*,#1285,.T.);
#1681=ORIENTED_EDGE('',*,*,#1286,.F.);
#1682=ORIENTED_EDGE('',*,*,#1285,.F.);
#1683=ORIENTED_EDGE('',*,*,#1287,.T.);
#1684=ORIENTED_EDGE('',*,*,#1288,.T.);
#1685=ORIENTED_EDGE('',*,*,#1289,.T.);
#1686=ORIENTED_EDGE('',*,*,#1288,.F.);
#1687=ORIENTED_EDGE('',*,*,#1290,.T.);
#1688=ORIENTED_EDGE('',*,*,#1287,.F.);
#1689=ORIENTED_EDGE('',*,*,#1284,.T.);
#1690=ORIENTED_EDGE('',*,*,#1291,.T.);
#1691=ORIENTED_EDGE('',*,*,#1289,.F.);
#1692=ORIENTED_EDGE('',*,*,#1291,.F.);
#1693=ORIENTED_EDGE('',*,*,#1292,.F.);
#1694=ORIENTED_EDGE('',*,*,#1293,.F.);
#1695=ORIENTED_EDGE('',*,*,#1294,.T.);
#1696=ORIENTED_EDGE('',*,*,#1294,.F.);
#1697=ORIENTED_EDGE('',*,*,#1295,.F.);
#1698=ORIENTED_EDGE('',*,*,#1296,.T.);
#1699=ORIENTED_EDGE('',*,*,#1296,.F.);
#1700=ORIENTED_EDGE('',*,*,#1297,.F.);
#1701=ORIENTED_EDGE('',*,*,#1298,.T.);
#1702=ORIENTED_EDGE('',*,*,#1298,.F.);
#1703=ORIENTED_EDGE('',*,*,#1299,.F.);
#1704=ORIENTED_EDGE('',*,*,#1300,.T.);
#1705=ORIENTED_EDGE('',*,*,#1300,.F.);
#1706=ORIENTED_EDGE('',*,*,#1301,.F.);
#1707=ORIENTED_EDGE('',*,*,#1302,.T.);
#1708=ORIENTED_EDGE('',*,*,#1302,.F.);
#1709=ORIENTED_EDGE('',*,*,#1303,.F.);
#1710=ORIENTED_EDGE('',*,*,#1292,.T.);
#1711=ORIENTED_EDGE('',*,*,#1304,.F.);
#1712=ORIENTED_EDGE('',*,*,#1305,.T.);
#1713=ORIENTED_EDGE('',*,*,#1293,.T.);
#1714=ORIENTED_EDGE('',*,*,#1306,.F.);
#1715=ORIENTED_EDGE('',*,*,#1307,.F.);
#1716=ORIENTED_EDGE('',*,*,#1308,.T.);
#1717=ORIENTED_EDGE('',*,*,#1295,.T.);
#1718=ORIENTED_EDGE('',*,*,#1305,.F.);
#1719=ORIENTED_EDGE('',*,*,#1309,.F.);
#1720=ORIENTED_EDGE('',*,*,#1310,.T.);
#1721=ORIENTED_EDGE('',*,*,#1297,.T.);
#1722=ORIENTED_EDGE('',*,*,#1308,.F.);
#1723=ORIENTED_EDGE('',*,*,#1311,.F.);
#1724=ORIENTED_EDGE('',*,*,#1312,.T.);
#1725=ORIENTED_EDGE('',*,*,#1299,.T.);
#1726=ORIENTED_EDGE('',*,*,#1310,.F.);
#1727=ORIENTED_EDGE('',*,*,#1313,.F.);
#1728=ORIENTED_EDGE('',*,*,#1314,.T.);
#1729=ORIENTED_EDGE('',*,*,#1301,.T.);
#1730=ORIENTED_EDGE('',*,*,#1312,.F.);
#1731=ORIENTED_EDGE('',*,*,#1315,.F.);
#1732=ORIENTED_EDGE('',*,*,#1306,.T.);
#1733=ORIENTED_EDGE('',*,*,#1303,.T.);
#1734=ORIENTED_EDGE('',*,*,#1314,.F.);
#1735=ORIENTED_EDGE('',*,*,#1286,.T.);
#1736=ORIENTED_EDGE('',*,*,#1316,.F.);
#1737=ORIENTED_EDGE('',*,*,#1304,.T.);
#1738=ORIENTED_EDGE('',*,*,#1315,.T.);
#1739=ORIENTED_EDGE('',*,*,#1313,.T.);
#1740=ORIENTED_EDGE('',*,*,#1311,.T.);
#1741=ORIENTED_EDGE('',*,*,#1309,.T.);
#1742=ORIENTED_EDGE('',*,*,#1307,.T.);
#1743=ORIENTED_EDGE('',*,*,#1316,.T.);
#1744=ORIENTED_EDGE('',*,*,#1317,.T.);
#1745=ORIENTED_EDGE('',*,*,#1290,.F.);
#1746=ORIENTED_EDGE('',*,*,#1317,.F.);
#1747=ORIENTED_EDGE('',*,*,#1318,.T.);
#1748=ORIENTED_EDGE('',*,*,#1319,.T.);
#1749=ORIENTED_EDGE('',*,*,#1320,.T.);
#1750=ORIENTED_EDGE('',*,*,#1321,.T.);
#1751=ORIENTED_EDGE('',*,*,#1319,.F.);
#1752=ORIENTED_EDGE('',*,*,#1322,.F.);
#1753=ORIENTED_EDGE('',*,*,#1323,.F.);
#1754=ORIENTED_EDGE('',*,*,#1324,.F.);
#1755=ORIENTED_EDGE('',*,*,#1325,.F.);
#1756=ORIENTED_EDGE('',*,*,#1326,.F.);
#1757=ORIENTED_EDGE('',*,*,#1327,.F.);
#1758=ORIENTED_EDGE('',*,*,#1328,.F.);
#1759=ORIENTED_EDGE('',*,*,#1329,.F.);
#1760=ORIENTED_EDGE('',*,*,#1330,.F.);
#1761=ORIENTED_EDGE('',*,*,#1331,.F.);
#1762=ORIENTED_EDGE('',*,*,#1332,.F.);
#1763=ORIENTED_EDGE('',*,*,#1333,.F.);
#1764=ORIENTED_EDGE('',*,*,#1334,.F.);
#1765=ORIENTED_EDGE('',*,*,#1335,.F.);
#1766=ORIENTED_EDGE('',*,*,#1336,.F.);
#1767=ORIENTED_EDGE('',*,*,#1337,.F.);
#1768=ORIENTED_EDGE('',*,*,#1338,.T.);
#1769=ORIENTED_EDGE('',*,*,#1339,.T.);
#1770=ORIENTED_EDGE('',*,*,#1340,.T.);
#1771=ORIENTED_EDGE('',*,*,#1339,.F.);
#1772=ORIENTED_EDGE('',*,*,#1341,.F.);
#1773=ORIENTED_EDGE('',*,*,#1342,.F.);
#1774=ORIENTED_EDGE('',*,*,#1343,.F.);
#1775=ORIENTED_EDGE('',*,*,#1344,.F.);
#1776=ORIENTED_EDGE('',*,*,#1345,.F.);
#1777=ORIENTED_EDGE('',*,*,#1346,.F.);
#1778=ORIENTED_EDGE('',*,*,#1347,.F.);
#1779=ORIENTED_EDGE('',*,*,#1348,.F.);
#1780=ORIENTED_EDGE('',*,*,#1349,.F.);
#1781=ORIENTED_EDGE('',*,*,#1350,.F.);
#1782=ORIENTED_EDGE('',*,*,#1351,.F.);
#1783=ORIENTED_EDGE('',*,*,#1352,.F.);
#1784=ORIENTED_EDGE('',*,*,#1353,.F.);
#1785=ORIENTED_EDGE('',*,*,#1338,.F.);
#1786=ORIENTED_EDGE('',*,*,#1354,.F.);
#1787=ORIENTED_EDGE('',*,*,#1355,.T.);
#1788=ORIENTED_EDGE('',*,*,#1340,.F.);
#1789=ORIENTED_EDGE('',*,*,#1355,.F.);
#1790=ORIENTED_EDGE('',*,*,#1352,.T.);
#1791=ORIENTED_EDGE('',*,*,#1356,.T.);
#1792=ORIENTED_EDGE('',*,*,#1357,.T.);
#1793=ORIENTED_EDGE('',*,*,#1356,.F.);
#1794=ORIENTED_EDGE('',*,*,#1358,.F.);
#1795=ORIENTED_EDGE('',*,*,#1359,.T.);
#1796=ORIENTED_EDGE('',*,*,#1357,.F.);
#1797=ORIENTED_EDGE('',*,*,#1359,.F.);
#1798=ORIENTED_EDGE('',*,*,#1353,.T.);
#1799=ORIENTED_EDGE('',*,*,#1360,.T.);
#1800=ORIENTED_EDGE('',*,*,#1361,.T.);
#1801=ORIENTED_EDGE('',*,*,#1360,.F.);
#1802=ORIENTED_EDGE('',*,*,#1362,.F.);
#1803=ORIENTED_EDGE('',*,*,#1363,.T.);
#1804=ORIENTED_EDGE('',*,*,#1361,.F.);
#1805=ORIENTED_EDGE('',*,*,#1363,.F.);
#1806=ORIENTED_EDGE('',*,*,#1364,.T.);
#1807=ORIENTED_EDGE('',*,*,#1365,.T.);
#1808=ORIENTED_EDGE('',*,*,#1341,.T.);
#1809=ORIENTED_EDGE('',*,*,#1366,.T.);
#1810=ORIENTED_EDGE('',*,*,#1365,.F.);
#1811=ORIENTED_EDGE('',*,*,#1367,.T.);
#1812=ORIENTED_EDGE('',*,*,#1368,.T.);
#1813=ORIENTED_EDGE('',*,*,#1342,.T.);
#1814=ORIENTED_EDGE('',*,*,#1369,.T.);
#1815=ORIENTED_EDGE('',*,*,#1343,.T.);
#1816=ORIENTED_EDGE('',*,*,#1368,.F.);
#1817=ORIENTED_EDGE('',*,*,#1370,.T.);
#1818=ORIENTED_EDGE('',*,*,#1369,.F.);
#1819=ORIENTED_EDGE('',*,*,#1371,.T.);
#1820=ORIENTED_EDGE('',*,*,#1372,.T.);
#1821=ORIENTED_EDGE('',*,*,#1344,.T.);
#1822=ORIENTED_EDGE('',*,*,#1373,.T.);
#1823=ORIENTED_EDGE('',*,*,#1345,.T.);
#1824=ORIENTED_EDGE('',*,*,#1372,.F.);
#1825=ORIENTED_EDGE('',*,*,#1374,.T.);
#1826=ORIENTED_EDGE('',*,*,#1373,.F.);
#1827=ORIENTED_EDGE('',*,*,#1375,.T.);
#1828=ORIENTED_EDGE('',*,*,#1376,.T.);
#1829=ORIENTED_EDGE('',*,*,#1346,.T.);
#1830=ORIENTED_EDGE('',*,*,#1376,.F.);
#1831=ORIENTED_EDGE('',*,*,#1377,.T.);
#1832=ORIENTED_EDGE('',*,*,#1378,.T.);
#1833=ORIENTED_EDGE('',*,*,#1347,.T.);
#1834=ORIENTED_EDGE('',*,*,#1378,.F.);
#1835=ORIENTED_EDGE('',*,*,#1379,.T.);
#1836=ORIENTED_EDGE('',*,*,#1380,.T.);
#1837=ORIENTED_EDGE('',*,*,#1348,.T.);
#1838=ORIENTED_EDGE('',*,*,#1380,.F.);
#1839=ORIENTED_EDGE('',*,*,#1381,.T.);
#1840=ORIENTED_EDGE('',*,*,#1382,.T.);
#1841=ORIENTED_EDGE('',*,*,#1349,.T.);
#1842=ORIENTED_EDGE('',*,*,#1382,.F.);
#1843=ORIENTED_EDGE('',*,*,#1383,.T.);
#1844=ORIENTED_EDGE('',*,*,#1384,.T.);
#1845=ORIENTED_EDGE('',*,*,#1350,.T.);
#1846=ORIENTED_EDGE('',*,*,#1351,.T.);
#1847=ORIENTED_EDGE('',*,*,#1384,.F.);
#1848=ORIENTED_EDGE('',*,*,#1385,.T.);
#1849=ORIENTED_EDGE('',*,*,#1366,.F.);
#1850=ORIENTED_EDGE('',*,*,#1375,.F.);
#1851=ORIENTED_EDGE('',*,*,#1386,.T.);
#1852=ORIENTED_EDGE('',*,*,#1387,.F.);
#1853=ORIENTED_EDGE('',*,*,#1388,.F.);
#1854=ORIENTED_EDGE('',*,*,#1374,.F.);
#1855=ORIENTED_EDGE('',*,*,#1389,.F.);
#1856=ORIENTED_EDGE('',*,*,#1390,.F.);
#1857=ORIENTED_EDGE('',*,*,#1391,.T.);
#1858=ORIENTED_EDGE('',*,*,#1392,.F.);
#1859=ORIENTED_EDGE('',*,*,#1393,.F.);
#1860=ORIENTED_EDGE('',*,*,#1394,.F.);
#1861=ORIENTED_EDGE('',*,*,#1395,.F.);
#1862=ORIENTED_EDGE('',*,*,#1396,.F.);
#1863=ORIENTED_EDGE('',*,*,#1397,.F.);
#1864=ORIENTED_EDGE('',*,*,#1398,.F.);
#1865=ORIENTED_EDGE('',*,*,#1386,.F.);
#1866=ORIENTED_EDGE('',*,*,#1371,.F.);
#1867=ORIENTED_EDGE('',*,*,#1399,.T.);
#1868=ORIENTED_EDGE('',*,*,#1400,.T.);
#1869=ORIENTED_EDGE('',*,*,#1389,.T.);
#1870=ORIENTED_EDGE('',*,*,#1370,.F.);
#1871=ORIENTED_EDGE('',*,*,#1401,.F.);
#1872=ORIENTED_EDGE('',*,*,#1402,.F.);
#1873=ORIENTED_EDGE('',*,*,#1399,.F.);
#1874=ORIENTED_EDGE('',*,*,#1367,.F.);
#1875=ORIENTED_EDGE('',*,*,#1403,.T.);
#1876=ORIENTED_EDGE('',*,*,#1404,.T.);
#1877=ORIENTED_EDGE('',*,*,#1401,.T.);
#1878=ORIENTED_EDGE('',*,*,#1364,.F.);
#1879=ORIENTED_EDGE('',*,*,#1405,.F.);
#1880=ORIENTED_EDGE('',*,*,#1406,.F.);
#1881=ORIENTED_EDGE('',*,*,#1403,.F.);
#1882=ORIENTED_EDGE('',*,*,#1407,.T.);
#1883=ORIENTED_EDGE('',*,*,#1408,.F.);
#1884=ORIENTED_EDGE('',*,*,#1320,.F.);
#1885=ORIENTED_EDGE('',*,*,#1337,.T.);
#1886=ORIENTED_EDGE('',*,*,#1409,.T.);
#1887=ORIENTED_EDGE('',*,*,#1410,.T.);
#1888=ORIENTED_EDGE('',*,*,#1332,.T.);
#1889=ORIENTED_EDGE('',*,*,#1411,.T.);
#1890=ORIENTED_EDGE('',*,*,#1412,.T.);
#1891=ORIENTED_EDGE('',*,*,#1413,.T.);
#1892=ORIENTED_EDGE('',*,*,#1414,.T.);
#1893=ORIENTED_EDGE('',*,*,#1335,.T.);
#1894=ORIENTED_EDGE('',*,*,#1415,.T.);
#1895=ORIENTED_EDGE('',*,*,#1416,.T.);
#1896=ORIENTED_EDGE('',*,*,#1417,.T.);
#1897=ORIENTED_EDGE('',*,*,#1418,.T.);
#1898=ORIENTED_EDGE('',*,*,#1415,.F.);
#1899=ORIENTED_EDGE('',*,*,#1334,.T.);
#1900=ORIENTED_EDGE('',*,*,#1419,.T.);
#1901=ORIENTED_EDGE('',*,*,#1417,.F.);
#1902=ORIENTED_EDGE('',*,*,#1333,.T.);
#1903=ORIENTED_EDGE('',*,*,#1413,.F.);
#1904=ORIENTED_EDGE('',*,*,#1420,.T.);
#1905=ORIENTED_EDGE('',*,*,#1421,.T.);
#1906=ORIENTED_EDGE('',*,*,#1422,.T.);
#1907=ORIENTED_EDGE('',*,*,#1423,.T.);
#1908=ORIENTED_EDGE('',*,*,#1330,.T.);
#1909=ORIENTED_EDGE('',*,*,#1423,.F.);
#1910=ORIENTED_EDGE('',*,*,#1424,.T.);
#1911=ORIENTED_EDGE('',*,*,#1411,.F.);
#1912=ORIENTED_EDGE('',*,*,#1331,.T.);
#1913=ORIENTED_EDGE('',*,*,#1425,.T.);
#1914=ORIENTED_EDGE('',*,*,#1426,.T.);
#1915=ORIENTED_EDGE('',*,*,#1427,.T.);
#1916=ORIENTED_EDGE('',*,*,#1328,.T.);
#1917=ORIENTED_EDGE('',*,*,#1427,.F.);
#1918=ORIENTED_EDGE('',*,*,#1428,.T.);
#1919=ORIENTED_EDGE('',*,*,#1421,.F.);
#1920=ORIENTED_EDGE('',*,*,#1329,.T.);
#1921=ORIENTED_EDGE('',*,*,#1429,.T.);
#1922=ORIENTED_EDGE('',*,*,#1326,.T.);
#1923=ORIENTED_EDGE('',*,*,#1430,.T.);
#1924=ORIENTED_EDGE('',*,*,#1431,.T.);
#1925=ORIENTED_EDGE('',*,*,#1432,.T.);
#1926=ORIENTED_EDGE('',*,*,#1433,.T.);
#1927=ORIENTED_EDGE('',*,*,#1430,.F.);
#1928=ORIENTED_EDGE('',*,*,#1325,.T.);
#1929=ORIENTED_EDGE('',*,*,#1434,.T.);
#1930=ORIENTED_EDGE('',*,*,#1435,.T.);
#1931=ORIENTED_EDGE('',*,*,#1432,.F.);
#1932=ORIENTED_EDGE('',*,*,#1324,.T.);
#1933=ORIENTED_EDGE('',*,*,#1429,.F.);
#1934=ORIENTED_EDGE('',*,*,#1436,.T.);
#1935=ORIENTED_EDGE('',*,*,#1425,.F.);
#1936=ORIENTED_EDGE('',*,*,#1327,.T.);
#1937=ORIENTED_EDGE('',*,*,#1437,.T.);
#1938=ORIENTED_EDGE('',*,*,#1438,.T.);
#1939=ORIENTED_EDGE('',*,*,#1439,.T.);
#1940=ORIENTED_EDGE('',*,*,#1322,.T.);
#1941=ORIENTED_EDGE('',*,*,#1318,.F.);
#1942=ORIENTED_EDGE('',*,*,#1440,.F.);
#1943=ORIENTED_EDGE('',*,*,#1439,.F.);
#1944=ORIENTED_EDGE('',*,*,#1441,.T.);
#1945=ORIENTED_EDGE('',*,*,#1434,.F.);
#1946=ORIENTED_EDGE('',*,*,#1323,.T.);
#1947=ORIENTED_EDGE('',*,*,#1414,.F.);
#1948=ORIENTED_EDGE('',*,*,#1442,.T.);
#1949=ORIENTED_EDGE('',*,*,#1409,.F.);
#1950=ORIENTED_EDGE('',*,*,#1336,.T.);
#1951=ORIENTED_EDGE('',*,*,#1410,.F.);
#1952=ORIENTED_EDGE('',*,*,#1442,.F.);
#1953=ORIENTED_EDGE('',*,*,#1443,.T.);
#1954=ORIENTED_EDGE('',*,*,#1444,.F.);
#1955=ORIENTED_EDGE('',*,*,#1445,.T.);
#1956=ORIENTED_EDGE('',*,*,#1416,.F.);
#1957=ORIENTED_EDGE('',*,*,#1446,.F.);
#1958=ORIENTED_EDGE('',*,*,#1447,.F.);
#1959=ORIENTED_EDGE('',*,*,#1443,.F.);
#1960=ORIENTED_EDGE('',*,*,#1418,.F.);
#1961=ORIENTED_EDGE('',*,*,#1448,.F.);
#1962=ORIENTED_EDGE('',*,*,#1449,.F.);
#1963=ORIENTED_EDGE('',*,*,#1446,.T.);
#1964=ORIENTED_EDGE('',*,*,#1419,.F.);
#1965=ORIENTED_EDGE('',*,*,#1450,.F.);
#1966=ORIENTED_EDGE('',*,*,#1391,.F.);
#1967=ORIENTED_EDGE('',*,*,#1451,.F.);
#1968=ORIENTED_EDGE('',*,*,#1448,.T.);
#1969=ORIENTED_EDGE('',*,*,#1420,.F.);
#1970=ORIENTED_EDGE('',*,*,#1412,.F.);
#1971=ORIENTED_EDGE('',*,*,#1452,.T.);
#1972=ORIENTED_EDGE('',*,*,#1453,.F.);
#1973=ORIENTED_EDGE('',*,*,#1392,.T.);
#1974=ORIENTED_EDGE('',*,*,#1450,.T.);
#1975=ORIENTED_EDGE('',*,*,#1424,.F.);
#1976=ORIENTED_EDGE('',*,*,#1422,.F.);
#1977=ORIENTED_EDGE('',*,*,#1454,.F.);
#1978=ORIENTED_EDGE('',*,*,#1455,.F.);
#1979=ORIENTED_EDGE('',*,*,#1456,.F.);
#1980=ORIENTED_EDGE('',*,*,#1452,.F.);
#1981=ORIENTED_EDGE('',*,*,#1428,.F.);
#1982=ORIENTED_EDGE('',*,*,#1426,.F.);
#1983=ORIENTED_EDGE('',*,*,#1457,.T.);
#1984=ORIENTED_EDGE('',*,*,#1458,.F.);
#1985=ORIENTED_EDGE('',*,*,#1459,.T.);
#1986=ORIENTED_EDGE('',*,*,#1454,.T.);
#1987=ORIENTED_EDGE('',*,*,#1436,.F.);
#1988=ORIENTED_EDGE('',*,*,#1431,.F.);
#1989=ORIENTED_EDGE('',*,*,#1460,.F.);
#1990=ORIENTED_EDGE('',*,*,#1461,.T.);
#1991=ORIENTED_EDGE('',*,*,#1462,.F.);
#1992=ORIENTED_EDGE('',*,*,#1457,.F.);
#1993=ORIENTED_EDGE('',*,*,#1433,.F.);
#1994=ORIENTED_EDGE('',*,*,#1463,.T.);
#1995=ORIENTED_EDGE('',*,*,#1464,.T.);
#1996=ORIENTED_EDGE('',*,*,#1460,.T.);
#1997=ORIENTED_EDGE('',*,*,#1435,.F.);
#1998=ORIENTED_EDGE('',*,*,#1465,.F.);
#1999=ORIENTED_EDGE('',*,*,#1466,.F.);
#2000=ORIENTED_EDGE('',*,*,#1463,.F.);
#2001=ORIENTED_EDGE('',*,*,#1441,.F.);
#2002=ORIENTED_EDGE('',*,*,#1438,.F.);
#2003=ORIENTED_EDGE('',*,*,#1467,.T.);
#2004=ORIENTED_EDGE('',*,*,#1468,.F.);
#2005=ORIENTED_EDGE('',*,*,#1465,.T.);
#2006=ORIENTED_EDGE('',*,*,#1469,.T.);
#2007=ORIENTED_EDGE('',*,*,#1398,.T.);
#2008=ORIENTED_EDGE('',*,*,#1470,.T.);
#2009=ORIENTED_EDGE('',*,*,#1471,.T.);
#2010=ORIENTED_EDGE('',*,*,#1472,.T.);
#2011=ORIENTED_EDGE('',*,*,#1387,.T.);
#2012=ORIENTED_EDGE('',*,*,#1469,.F.);
#2013=ORIENTED_EDGE('',*,*,#1473,.T.);
#2014=ORIENTED_EDGE('',*,*,#1474,.T.);
#2015=ORIENTED_EDGE('',*,*,#1475,.T.);
#2016=ORIENTED_EDGE('',*,*,#1472,.F.);
#2017=ORIENTED_EDGE('',*,*,#1476,.T.);
#2018=ORIENTED_EDGE('',*,*,#1477,.T.);
#2019=ORIENTED_EDGE('',*,*,#1478,.T.);
#2020=ORIENTED_EDGE('',*,*,#1474,.F.);
#2021=ORIENTED_EDGE('',*,*,#1479,.T.);
#2022=ORIENTED_EDGE('',*,*,#1480,.T.);
#2023=ORIENTED_EDGE('',*,*,#1481,.T.);
#2024=ORIENTED_EDGE('',*,*,#1477,.F.);
#2025=ORIENTED_EDGE('',*,*,#1482,.T.);
#2026=ORIENTED_EDGE('',*,*,#1483,.T.);
#2027=ORIENTED_EDGE('',*,*,#1484,.T.);
#2028=ORIENTED_EDGE('',*,*,#1485,.T.);
#2029=ORIENTED_EDGE('',*,*,#1486,.T.);
#2030=ORIENTED_EDGE('',*,*,#1483,.F.);
#2031=ORIENTED_EDGE('',*,*,#1487,.T.);
#2032=ORIENTED_EDGE('',*,*,#1480,.F.);
#2033=ORIENTED_EDGE('',*,*,#1488,.T.);
#2034=ORIENTED_EDGE('',*,*,#1489,.T.);
#2035=ORIENTED_EDGE('',*,*,#1490,.T.);
#2036=ORIENTED_EDGE('',*,*,#1491,.T.);
#2037=ORIENTED_EDGE('',*,*,#1492,.T.);
#2038=ORIENTED_EDGE('',*,*,#1491,.F.);
#2039=ORIENTED_EDGE('',*,*,#1493,.T.);
#2040=ORIENTED_EDGE('',*,*,#1485,.F.);
#2041=ORIENTED_EDGE('',*,*,#1494,.T.);
#2042=ORIENTED_EDGE('',*,*,#1495,.T.);
#2043=ORIENTED_EDGE('',*,*,#1496,.T.);
#2044=ORIENTED_EDGE('',*,*,#1497,.T.);
#2045=ORIENTED_EDGE('',*,*,#1498,.T.);
#2046=ORIENTED_EDGE('',*,*,#1497,.F.);
#2047=ORIENTED_EDGE('',*,*,#1499,.T.);
#2048=ORIENTED_EDGE('',*,*,#1489,.F.);
#2049=ORIENTED_EDGE('',*,*,#1500,.T.);
#2050=ORIENTED_EDGE('',*,*,#1470,.F.);
#2051=ORIENTED_EDGE('',*,*,#1397,.T.);
#2052=ORIENTED_EDGE('',*,*,#1495,.F.);
#2053=ORIENTED_EDGE('',*,*,#1501,.T.);
#2054=ORIENTED_EDGE('',*,*,#1381,.F.);
#2055=ORIENTED_EDGE('',*,*,#1502,.T.);
#2056=ORIENTED_EDGE('',*,*,#1481,.F.);
#2057=ORIENTED_EDGE('',*,*,#1487,.F.);
#2058=ORIENTED_EDGE('',*,*,#1503,.F.);
#2059=ORIENTED_EDGE('',*,*,#1504,.F.);
#2060=ORIENTED_EDGE('',*,*,#1505,.T.);
#2061=ORIENTED_EDGE('',*,*,#1506,.F.);
#2062=ORIENTED_EDGE('',*,*,#1486,.F.);
#2063=ORIENTED_EDGE('',*,*,#1507,.T.);
#2064=ORIENTED_EDGE('',*,*,#1508,.F.);
#2065=ORIENTED_EDGE('',*,*,#1503,.T.);
#2066=ORIENTED_EDGE('',*,*,#1493,.F.);
#2067=ORIENTED_EDGE('',*,*,#1490,.F.);
#2068=ORIENTED_EDGE('',*,*,#1509,.F.);
#2069=ORIENTED_EDGE('',*,*,#1510,.F.);
#2070=ORIENTED_EDGE('',*,*,#1511,.F.);
#2071=ORIENTED_EDGE('',*,*,#1507,.F.);
#2072=ORIENTED_EDGE('',*,*,#1499,.F.);
#2073=ORIENTED_EDGE('',*,*,#1496,.F.);
#2074=ORIENTED_EDGE('',*,*,#1396,.T.);
#2075=ORIENTED_EDGE('',*,*,#1512,.T.);
#2076=ORIENTED_EDGE('',*,*,#1513,.T.);
#2077=ORIENTED_EDGE('',*,*,#1509,.T.);
#2078=ORIENTED_EDGE('',*,*,#1498,.F.);
#2079=ORIENTED_EDGE('',*,*,#1500,.F.);
#2080=ORIENTED_EDGE('',*,*,#1492,.F.);
#2081=ORIENTED_EDGE('',*,*,#1494,.F.);
#2082=ORIENTED_EDGE('',*,*,#1484,.F.);
#2083=ORIENTED_EDGE('',*,*,#1488,.F.);
#2084=ORIENTED_EDGE('',*,*,#1482,.F.);
#2085=ORIENTED_EDGE('',*,*,#1479,.F.);
#2086=ORIENTED_EDGE('',*,*,#1476,.F.);
#2087=ORIENTED_EDGE('',*,*,#1473,.F.);
#2088=ORIENTED_EDGE('',*,*,#1471,.F.);
#2089=ORIENTED_EDGE('',*,*,#1501,.F.);
#2090=ORIENTED_EDGE('',*,*,#1514,.T.);
#2091=ORIENTED_EDGE('',*,*,#1515,.T.);
#2092=ORIENTED_EDGE('',*,*,#1516,.T.);
#2093=ORIENTED_EDGE('',*,*,#1515,.F.);
#2094=ORIENTED_EDGE('',*,*,#1514,.F.);
#2095=ORIENTED_EDGE('',*,*,#1517,.T.);
#2096=ORIENTED_EDGE('',*,*,#1518,.F.);
#2097=ORIENTED_EDGE('',*,*,#1467,.F.);
#2098=ORIENTED_EDGE('',*,*,#1437,.F.);
#2099=ORIENTED_EDGE('',*,*,#1440,.T.);
#2100=ORIENTED_EDGE('',*,*,#1321,.F.);
#2101=ORIENTED_EDGE('',*,*,#1408,.T.);
#2102=ORIENTED_EDGE('',*,*,#1407,.F.);
#2103=ORIENTED_EDGE('',*,*,#1445,.F.);
#2104=ORIENTED_EDGE('',*,*,#1519,.F.);
#2105=ORIENTED_EDGE('',*,*,#1517,.F.);
#2106=ORIENTED_EDGE('',*,*,#1516,.F.);
#2107=ORIENTED_EDGE('',*,*,#1462,.T.);
#2108=ORIENTED_EDGE('',*,*,#1520,.T.);
#2109=ORIENTED_EDGE('',*,*,#1521,.T.);
#2110=ORIENTED_EDGE('',*,*,#1458,.T.);
#2111=ORIENTED_EDGE('',*,*,#1459,.F.);
#2112=ORIENTED_EDGE('',*,*,#1521,.F.);
#2113=ORIENTED_EDGE('',*,*,#1522,.F.);
#2114=ORIENTED_EDGE('',*,*,#1523,.F.);
#2115=ORIENTED_EDGE('',*,*,#1455,.T.);
#2116=ORIENTED_EDGE('',*,*,#1524,.T.);
#2117=ORIENTED_EDGE('',*,*,#1525,.T.);
#2118=ORIENTED_EDGE('',*,*,#1504,.T.);
#2119=ORIENTED_EDGE('',*,*,#1508,.T.);
#2120=ORIENTED_EDGE('',*,*,#1511,.T.);
#2121=ORIENTED_EDGE('',*,*,#1523,.T.);
#2122=ORIENTED_EDGE('',*,*,#1526,.T.);
#2123=ORIENTED_EDGE('',*,*,#1393,.T.);
#2124=ORIENTED_EDGE('',*,*,#1453,.T.);
#2125=ORIENTED_EDGE('',*,*,#1456,.T.);
#2126=ORIENTED_EDGE('',*,*,#1395,.T.);
#2127=ORIENTED_EDGE('',*,*,#1527,.T.);
#2128=ORIENTED_EDGE('',*,*,#1528,.T.);
#2129=ORIENTED_EDGE('',*,*,#1512,.F.);
#2130=ORIENTED_EDGE('',*,*,#1524,.F.);
#2131=ORIENTED_EDGE('',*,*,#1510,.T.);
#2132=ORIENTED_EDGE('',*,*,#1513,.F.);
#2133=ORIENTED_EDGE('',*,*,#1528,.F.);
#2134=ORIENTED_EDGE('',*,*,#1529,.F.);
#2135=ORIENTED_EDGE('',*,*,#1383,.F.);
#2136=ORIENTED_EDGE('',*,*,#1506,.T.);
#2137=ORIENTED_EDGE('',*,*,#1530,.T.);
#2138=ORIENTED_EDGE('',*,*,#1531,.T.);
#2139=ORIENTED_EDGE('',*,*,#1379,.F.);
#2140=ORIENTED_EDGE('',*,*,#1532,.T.);
#2141=ORIENTED_EDGE('',*,*,#1478,.F.);
#2142=ORIENTED_EDGE('',*,*,#1502,.F.);
#2143=ORIENTED_EDGE('',*,*,#1377,.F.);
#2144=ORIENTED_EDGE('',*,*,#1388,.T.);
#2145=ORIENTED_EDGE('',*,*,#1475,.F.);
#2146=ORIENTED_EDGE('',*,*,#1532,.F.);
#2147=ORIENTED_EDGE('',*,*,#1385,.F.);
#2148=ORIENTED_EDGE('',*,*,#1531,.F.);
#2149=ORIENTED_EDGE('',*,*,#1533,.T.);
#2150=ORIENTED_EDGE('',*,*,#1405,.T.);
#2151=ORIENTED_EDGE('',*,*,#1444,.T.);
#2152=ORIENTED_EDGE('',*,*,#1447,.T.);
#2153=ORIENTED_EDGE('',*,*,#1449,.T.);
#2154=ORIENTED_EDGE('',*,*,#1451,.T.);
#2155=ORIENTED_EDGE('',*,*,#1390,.T.);
#2156=ORIENTED_EDGE('',*,*,#1400,.F.);
#2157=ORIENTED_EDGE('',*,*,#1402,.T.);
#2158=ORIENTED_EDGE('',*,*,#1404,.F.);
#2159=ORIENTED_EDGE('',*,*,#1406,.T.);
#2160=ORIENTED_EDGE('',*,*,#1533,.F.);
#2161=ORIENTED_EDGE('',*,*,#1530,.F.);
#2162=ORIENTED_EDGE('',*,*,#1505,.F.);
#2163=ORIENTED_EDGE('',*,*,#1525,.F.);
#2164=ORIENTED_EDGE('',*,*,#1529,.T.);
#2165=ORIENTED_EDGE('',*,*,#1527,.F.);
#2166=ORIENTED_EDGE('',*,*,#1394,.T.);
#2167=ORIENTED_EDGE('',*,*,#1526,.F.);
#2168=ORIENTED_EDGE('',*,*,#1522,.T.);
#2169=ORIENTED_EDGE('',*,*,#1520,.F.);
#2170=ORIENTED_EDGE('',*,*,#1461,.F.);
#2171=ORIENTED_EDGE('',*,*,#1464,.F.);
#2172=ORIENTED_EDGE('',*,*,#1466,.T.);
#2173=ORIENTED_EDGE('',*,*,#1468,.T.);
#2174=ORIENTED_EDGE('',*,*,#1518,.T.);
#2175=ORIENTED_EDGE('',*,*,#1519,.T.);
#2176=ORIENTED_EDGE('',*,*,#1534,.T.);
#2177=ORIENTED_EDGE('',*,*,#1535,.T.);
#2178=ORIENTED_EDGE('',*,*,#1536,.T.);
#2179=ORIENTED_EDGE('',*,*,#1537,.F.);
#2180=ORIENTED_EDGE('',*,*,#1362,.T.);
#2181=ORIENTED_EDGE('',*,*,#1534,.F.);
#2182=ORIENTED_EDGE('',*,*,#1538,.T.);
#2183=ORIENTED_EDGE('',*,*,#1537,.T.);
#2184=ORIENTED_EDGE('',*,*,#1538,.F.);
#2185=ORIENTED_EDGE('',*,*,#1539,.F.);
#2186=ORIENTED_EDGE('',*,*,#1358,.T.);
#2187=ORIENTED_EDGE('',*,*,#1535,.F.);
#2188=ORIENTED_EDGE('',*,*,#1540,.T.);
#2189=ORIENTED_EDGE('',*,*,#1539,.T.);
#2190=ORIENTED_EDGE('',*,*,#1540,.F.);
#2191=ORIENTED_EDGE('',*,*,#1541,.F.);
#2192=ORIENTED_EDGE('',*,*,#1354,.T.);
#2193=ORIENTED_EDGE('',*,*,#1536,.F.);
#2194=ORIENTED_EDGE('',*,*,#1542,.T.);
#2195=ORIENTED_EDGE('',*,*,#1541,.T.);
#2196=ORIENTED_EDGE('',*,*,#1542,.F.);
#2197=CONICAL_SURFACE('',#2404,1.3616375,0.83198809368301);
#2198=CONICAL_SURFACE('',#2432,1.3616375,0.83198809368301);
#2199=CONICAL_SURFACE('',#2460,1.3616375,0.83198809368301);
#2200=CONICAL_SURFACE('',#2487,21.325507360389,0.872664625997154);
#2201=CONICAL_SURFACE('',#2494,1.8,0.785398163397437);
#2202=CONICAL_SURFACE('',#2507,1.8,0.785398163397448);
#2203=CONICAL_SURFACE('',#2511,1.8,0.785398163397448);
#2204=CONICAL_SURFACE('',#2516,2.8,0.785398163397439);
#2205=CONICAL_SURFACE('',#2519,2.8,0.785398163397448);
#2206=CONICAL_SURFACE('',#2522,2.8,0.785398163397455);
#2207=CONICAL_SURFACE('',#2525,2.8,0.785398163397444);
#2208=CONICAL_SURFACE('',#2528,48.2,0.785398163397451);
#2209=CONICAL_SURFACE('',#2541,3.80000000000006,0.785398163397444);
#2210=CONICAL_SURFACE('',#2546,49.2,0.785398163397459);
#2211=CONICAL_SURFACE('',#2548,1.8,0.785398163397442);
#2212=CONICAL_SURFACE('',#2568,2.79999999999999,0.785398163397466);
#2213=CONICAL_SURFACE('',#2571,2.8,0.785398163397452);
#2214=CONICAL_SURFACE('',#2585,20.4659856893303,0.872664625997172);
#2215=CONICAL_SURFACE('',#2588,24.1577956679662,0.174532925199433);
#2216=ADVANCED_FACE('',(#241),#2197,.T.);
#2217=ADVANCED_FACE('',(#242),#238,.F.);
#2218=ADVANCED_FACE('',(#243,#143),#158,.T.);
#2219=ADVANCED_FACE('',(#244),#119,.T.);
#2220=ADVANCED_FACE('',(#245),#159,.F.);
#2221=ADVANCED_FACE('',(#246),#160,.F.);
#2222=ADVANCED_FACE('',(#247),#161,.F.);
#2223=ADVANCED_FACE('',(#248),#162,.F.);
#2224=ADVANCED_FACE('',(#249),#163,.F.);
#2225=ADVANCED_FACE('',(#250),#164,.F.);
#2226=ADVANCED_FACE('',(#251),#165,.F.);
#2227=ADVANCED_FACE('',(#252),#166,.F.);
#2228=ADVANCED_FACE('',(#253),#167,.F.);
#2229=ADVANCED_FACE('',(#254),#168,.F.);
#2230=ADVANCED_FACE('',(#255),#169,.F.);
#2231=ADVANCED_FACE('',(#256),#170,.F.);
#2232=ADVANCED_FACE('',(#257),#171,.T.);
#2233=ADVANCED_FACE('',(#258,#144),#172,.T.);
#2234=ADVANCED_FACE('',(#259),#116,.T.);
#2235=ADVANCED_FACE('',(#260),#2198,.T.);
#2236=ADVANCED_FACE('',(#261),#239,.F.);
#2237=ADVANCED_FACE('',(#262,#145),#173,.T.);
#2238=ADVANCED_FACE('',(#263),#120,.T.);
#2239=ADVANCED_FACE('',(#264),#174,.F.);
#2240=ADVANCED_FACE('',(#265),#175,.F.);
#2241=ADVANCED_FACE('',(#266),#176,.F.);
#2242=ADVANCED_FACE('',(#267),#177,.F.);
#2243=ADVANCED_FACE('',(#268),#178,.F.);
#2244=ADVANCED_FACE('',(#269),#179,.F.);
#2245=ADVANCED_FACE('',(#270),#180,.F.);
#2246=ADVANCED_FACE('',(#271),#181,.F.);
#2247=ADVANCED_FACE('',(#272),#182,.F.);
#2248=ADVANCED_FACE('',(#273),#183,.F.);
#2249=ADVANCED_FACE('',(#274),#184,.F.);
#2250=ADVANCED_FACE('',(#275),#185,.F.);
#2251=ADVANCED_FACE('',(#276),#186,.T.);
#2252=ADVANCED_FACE('',(#277,#146),#187,.T.);
#2253=ADVANCED_FACE('',(#278),#117,.T.);
#2254=ADVANCED_FACE('',(#279),#2199,.T.);
#2255=ADVANCED_FACE('',(#280),#240,.F.);
#2256=ADVANCED_FACE('',(#281,#147),#188,.T.);
#2257=ADVANCED_FACE('',(#282),#121,.T.);
#2258=ADVANCED_FACE('',(#283),#189,.F.);
#2259=ADVANCED_FACE('',(#284),#190,.F.);
#2260=ADVANCED_FACE('',(#285),#191,.F.);
#2261=ADVANCED_FACE('',(#286),#192,.F.);
#2262=ADVANCED_FACE('',(#287),#193,.F.);
#2263=ADVANCED_FACE('',(#288),#194,.F.);
#2264=ADVANCED_FACE('',(#289),#195,.F.);
#2265=ADVANCED_FACE('',(#290),#196,.F.);
#2266=ADVANCED_FACE('',(#291),#197,.F.);
#2267=ADVANCED_FACE('',(#292),#198,.F.);
#2268=ADVANCED_FACE('',(#293),#199,.F.);
#2269=ADVANCED_FACE('',(#294),#200,.F.);
#2270=ADVANCED_FACE('',(#295),#201,.T.);
#2271=ADVANCED_FACE('',(#296,#148),#202,.T.);
#2272=ADVANCED_FACE('',(#297),#118,.T.);
#2273=ADVANCED_FACE('',(#298),#2200,.T.);
#2274=ADVANCED_FACE('',(#299),#203,.T.);
#2275=ADVANCED_FACE('',(#300),#2201,.F.);
#2276=ADVANCED_FACE('',(#301,#149,#150,#151),#204,.T.);
#2277=ADVANCED_FACE('',(#302),#122,.F.);
#2278=ADVANCED_FACE('',(#303),#2202,.F.);
#2279=ADVANCED_FACE('',(#304),#123,.F.);
#2280=ADVANCED_FACE('',(#305),#2203,.F.);
#2281=ADVANCED_FACE('',(#306),#124,.F.);
#2282=ADVANCED_FACE('',(#307),#205,.T.);
#2283=ADVANCED_FACE('',(#308),#2204,.T.);
#2284=ADVANCED_FACE('',(#309),#206,.T.);
#2285=ADVANCED_FACE('',(#310),#2205,.T.);
#2286=ADVANCED_FACE('',(#311),#207,.T.);
#2287=ADVANCED_FACE('',(#312),#2206,.T.);
#2288=ADVANCED_FACE('',(#313),#208,.T.);
#2289=ADVANCED_FACE('',(#314),#2207,.T.);
#2290=ADVANCED_FACE('',(#315),#209,.T.);
#2291=ADVANCED_FACE('',(#316),#2208,.F.);
#2292=ADVANCED_FACE('',(#317),#210,.T.);
#2293=ADVANCED_FACE('',(#318),#125,.T.);
#2294=ADVANCED_FACE('',(#319),#211,.T.);
#2295=ADVANCED_FACE('',(#320),#126,.T.);
#2296=ADVANCED_FACE('',(#321),#212,.T.);
#2297=ADVANCED_FACE('',(#322),#127,.T.);
#2298=ADVANCED_FACE('',(#323),#213,.T.);
#2299=ADVANCED_FACE('',(#324),#37,.T.);
#2300=ADVANCED_FACE('',(#325),#38,.T.);
#2301=ADVANCED_FACE('',(#326),#214,.T.);
#2302=ADVANCED_FACE('',(#327),#2209,.F.);
#2303=ADVANCED_FACE('',(#328),#215,.T.);
#2304=ADVANCED_FACE('',(#329),#216,.T.);
#2305=ADVANCED_FACE('',(#330),#39,.T.);
#2306=ADVANCED_FACE('',(#331),#40,.T.);
#2307=ADVANCED_FACE('',(#332),#41,.T.);
#2308=ADVANCED_FACE('',(#333),#2210,.F.);
#2309=ADVANCED_FACE('',(#334),#2211,.T.);
#2310=ADVANCED_FACE('',(#335),#217,.T.);
#2311=ADVANCED_FACE('',(#336),#42,.T.);
#2312=ADVANCED_FACE('',(#337),#43,.T.);
#2313=ADVANCED_FACE('',(#338),#44,.T.);
#2314=ADVANCED_FACE('',(#339),#45,.T.);
#2315=ADVANCED_FACE('',(#340),#46,.T.);
#2316=ADVANCED_FACE('',(#341),#218,.T.);
#2317=ADVANCED_FACE('',(#342),#128,.F.);
#2318=ADVANCED_FACE('',(#343),#219,.T.);
#2319=ADVANCED_FACE('',(#344),#129,.T.);
#2320=ADVANCED_FACE('',(#345),#220,.F.);
#2321=ADVANCED_FACE('',(#346),#47,.F.);
#2322=ADVANCED_FACE('',(#347),#130,.F.);
#2323=ADVANCED_FACE('',(#348),#131,.T.);
#2324=ADVANCED_FACE('',(#349),#221,.T.);
#2325=ADVANCED_FACE('',(#350),#48,.T.);
#2326=ADVANCED_FACE('',(#351),#222,.T.);
#2327=ADVANCED_FACE('',(#352),#2212,.T.);
#2328=ADVANCED_FACE('',(#353),#223,.T.);
#2329=ADVANCED_FACE('',(#354),#2213,.T.);
#2330=ADVANCED_FACE('',(#355),#224,.T.);
#2331=ADVANCED_FACE('',(#356),#49,.T.);
#2332=ADVANCED_FACE('',(#357),#50,.T.);
#2333=ADVANCED_FACE('',(#358),#225,.T.);
#2334=ADVANCED_FACE('',(#359),#51,.T.);
#2335=ADVANCED_FACE('',(#360),#52,.T.);
#2336=ADVANCED_FACE('',(#361),#53,.T.);
#2337=ADVANCED_FACE('',(#362),#54,.T.);
#2338=ADVANCED_FACE('',(#363),#226,.T.);
#2339=ADVANCED_FACE('',(#364),#132,.T.);
#2340=ADVANCED_FACE('',(#365),#227,.F.);
#2341=ADVANCED_FACE('',(#366),#133,.T.);
#2342=ADVANCED_FACE('',(#367),#228,.T.);
#2343=ADVANCED_FACE('',(#368),#2214,.T.);
#2344=ADVANCED_FACE('',(#369),#2215,.T.);
#2345=ADVANCED_FACE('',(#370),#229,.T.);
#2346=ADVANCED_FACE('',(#371),#134,.T.);
#2347=ADVANCED_FACE('',(#372),#230,.T.);
#2348=ADVANCED_FACE('',(#373),#135,.T.);
#2349=ADVANCED_FACE('',(#374),#136,.T.);
#2350=ADVANCED_FACE('',(#375),#137,.T.);
#2351=ADVANCED_FACE('',(#376),#231,.T.);
#2352=ADVANCED_FACE('',(#377),#138,.F.);
#2353=ADVANCED_FACE('',(#378),#139,.T.);
#2354=ADVANCED_FACE('',(#379),#232,.T.);
#2355=ADVANCED_FACE('',(#380),#233,.T.);
#2356=ADVANCED_FACE('',(#381,#152,#153,#154),#234,.T.);
#2357=ADVANCED_FACE('',(#382,#155),#235,.F.);
#2358=ADVANCED_FACE('',(#383),#140,.F.);
#2359=ADVANCED_FACE('',(#384,#156),#236,.F.);
#2360=ADVANCED_FACE('',(#385),#141,.F.);
#2361=ADVANCED_FACE('',(#386,#157),#237,.F.);
#2362=ADVANCED_FACE('',(#387),#142,.F.);
#2363=CLOSED_SHELL('',(#2216,#2217,#2218,#2219,#2220,#2221,#2222,#2223,
#2224,#2225,#2226,#2227,#2228,#2229,#2230,#2231,#2232,#2233,#2234));
#2364=CLOSED_SHELL('',(#2235,#2236,#2237,#2238,#2239,#2240,#2241,#2242,
#2243,#2244,#2245,#2246,#2247,#2248,#2249,#2250,#2251,#2252,#2253));
#2365=CLOSED_SHELL('',(#2254,#2255,#2256,#2257,#2258,#2259,#2260,#2261,
#2262,#2263,#2264,#2265,#2266,#2267,#2268,#2269,#2270,#2271,#2272));
#2366=CLOSED_SHELL('',(#2273,#2274,#2275,#2276,#2277,#2278,#2279,#2280,
#2281,#2282,#2283,#2284,#2285,#2286,#2287,#2288,#2289,#2290,#2291,#2292,
#2293,#2294,#2295,#2296,#2297,#2298,#2299,#2300,#2301,#2302,#2303,#2304,
#2305,#2306,#2307,#2308,#2309,#2310,#2311,#2312,#2313,#2314,#2315,#2316,
#2317,#2318,#2319,#2320,#2321,#2322,#2323,#2324,#2325,#2326,#2327,#2328,
#2329,#2330,#2331,#2332,#2333,#2334,#2335,#2336,#2337,#2338,#2339,#2340,
#2341,#2342,#2343,#2344,#2345,#2346,#2347,#2348,#2349,#2350,#2351,#2352,
#2353,#2354,#2355,#2356,#2357,#2358,#2359,#2360,#2361,#2362));
#2367=DERIVED_UNIT_ELEMENT(#2373,1.);
#2368=DERIVED_UNIT_ELEMENT(#4559,-3.);
#2369=DERIVED_UNIT_ELEMENT(#2373,1.);
#2370=DERIVED_UNIT_ELEMENT(#4559,-3.);
#2371=DERIVED_UNIT_ELEMENT(#2373,1.);
#2372=DERIVED_UNIT_ELEMENT(#4559,-3.);
#2373=(
MASS_UNIT()
NAMED_UNIT(*)
SI_UNIT(.KILO.,.GRAM.)
);
#2374=DERIVED_UNIT((#2367,#2368));
#2375=DERIVED_UNIT((#2369,#2370));
#2376=DERIVED_UNIT((#2371,#2372));
#2377=MEASURE_REPRESENTATION_ITEM('density measure',
POSITIVE_RATIO_MEASURE(8030.),#2374);
#2378=MEASURE_REPRESENTATION_ITEM('density measure',
POSITIVE_RATIO_MEASURE(8030.),#2375);
#2379=MEASURE_REPRESENTATION_ITEM('density measure',
POSITIVE_RATIO_MEASURE(8030.),#2376);
#2380=PROPERTY_DEFINITION_REPRESENTATION(#2395,#2386);
#2381=PROPERTY_DEFINITION_REPRESENTATION(#2396,#2387);
#2382=PROPERTY_DEFINITION_REPRESENTATION(#2397,#2388);
#2383=PROPERTY_DEFINITION_REPRESENTATION(#2398,#2389);
#2384=PROPERTY_DEFINITION_REPRESENTATION(#2399,#2390);
#2385=PROPERTY_DEFINITION_REPRESENTATION(#2400,#2391);
#2386=REPRESENTATION('material name',(#2392),#4554);
#2387=REPRESENTATION('density',(#2377),#4554);
#2388=REPRESENTATION('material name',(#2393),#4555);
#2389=REPRESENTATION('density',(#2378),#4555);
#2390=REPRESENTATION('material name',(#2394),#4556);
#2391=REPRESENTATION('density',(#2379),#4556);
#2392=DESCRIPTIVE_REPRESENTATION_ITEM('Stainless Steel A2, Plain',
'Stainless Steel A2, Plain');
#2393=DESCRIPTIVE_REPRESENTATION_ITEM('Stainless Steel A2, Plain',
'Stainless Steel A2, Plain');
#2394=DESCRIPTIVE_REPRESENTATION_ITEM('Stainless Steel A2, Plain',
'Stainless Steel A2, Plain');
#2395=PROPERTY_DEFINITION('material property','material name',#4584);
#2396=PROPERTY_DEFINITION('material property','density of part',#4584);
#2397=PROPERTY_DEFINITION('material property','material name',#4585);
#2398=PROPERTY_DEFINITION('material property','density of part',#4585);
#2399=PROPERTY_DEFINITION('material property','material name',#4586);
#2400=PROPERTY_DEFINITION('material property','density of part',#4586);
#2401=AXIS2_PLACEMENT_3D('',#3267,#2624,#2625);
#2402=AXIS2_PLACEMENT_3D('',#3268,#2626,#2627);
#2403=AXIS2_PLACEMENT_3D('',#3269,#2628,#2629);
#2404=AXIS2_PLACEMENT_3D('',#3270,#2630,#2631);
#2405=AXIS2_PLACEMENT_3D('',#3272,#2632,#2633);
#2406=AXIS2_PLACEMENT_3D('',#3275,#2635,#2636);
#2407=AXIS2_PLACEMENT_3D('',#3276,#2637,#2638);
#2408=AXIS2_PLACEMENT_3D('',#3278,#2639,#2640);
#2409=AXIS2_PLACEMENT_3D('',#3280,#2641,#2642);
#2410=AXIS2_PLACEMENT_3D('',#3281,#2643,#2644);
#2411=AXIS2_PLACEMENT_3D('',#3282,#2645,#2646);
#2412=AXIS2_PLACEMENT_3D('',#3284,#2647,#2648);
#2413=AXIS2_PLACEMENT_3D('',#3285,#2649,#2650);
#2414=AXIS2_PLACEMENT_3D('',#3287,#2652,#2653);
#2415=AXIS2_PLACEMENT_3D('',#3294,#2657,#2658);
#2416=AXIS2_PLACEMENT_3D('',#3298,#2661,#2662);
#2417=AXIS2_PLACEMENT_3D('',#3302,#2665,#2666);
#2418=AXIS2_PLACEMENT_3D('',#3306,#2669,#2670);
#2419=AXIS2_PLACEMENT_3D('',#3310,#2673,#2674);
#2420=AXIS2_PLACEMENT_3D('',#3312,#2676,#2677);
#2421=AXIS2_PLACEMENT_3D('',#3318,#2681,#2682);
#2422=AXIS2_PLACEMENT_3D('',#3322,#2685,#2686);
#2423=AXIS2_PLACEMENT_3D('',#3326,#2689,#2690);
#2424=AXIS2_PLACEMENT_3D('',#3330,#2693,#2694);
#2425=AXIS2_PLACEMENT_3D('',#3334,#2697,#2698);
#2426=AXIS2_PLACEMENT_3D('',#3336,#2700,#2701);
#2427=AXIS2_PLACEMENT_3D('',#3337,#2702,#2703);
#2428=AXIS2_PLACEMENT_3D('',#3339,#2704,#2705);
#2429=AXIS2_PLACEMENT_3D('',#3340,#2706,#2707);
#2430=AXIS2_PLACEMENT_3D('',#3341,#2708,#2709);
#2431=AXIS2_PLACEMENT_3D('',#3342,#2710,#2711);
#2432=AXIS2_PLACEMENT_3D('',#3343,#2712,#2713);
#2433=AXIS2_PLACEMENT_3D('',#3345,#2714,#2715);
#2434=AXIS2_PLACEMENT_3D('',#3348,#2717,#2718);
#2435=AXIS2_PLACEMENT_3D('',#3349,#2719,#2720);
#2436=AXIS2_PLACEMENT_3D('',#3351,#2721,#2722);
#2437=AXIS2_PLACEMENT_3D('',#3353,#2723,#2724);
#2438=AXIS2_PLACEMENT_3D('',#3354,#2725,#2726);
#2439=AXIS2_PLACEMENT_3D('',#3355,#2727,#2728);
#2440=AXIS2_PLACEMENT_3D('',#3357,#2729,#2730);
#2441=AXIS2_PLACEMENT_3D('',#3358,#2731,#2732);
#2442=AXIS2_PLACEMENT_3D('',#3360,#2734,#2735);
#2443=AXIS2_PLACEMENT_3D('',#3367,#2739,#2740);
#2444=AXIS2_PLACEMENT_3D('',#3371,#2743,#2744);
#2445=AXIS2_PLACEMENT_3D('',#3375,#2747,#2748);
#2446=AXIS2_PLACEMENT_3D('',#3379,#2751,#2752);
#2447=AXIS2_PLACEMENT_3D('',#3383,#2755,#2756);
#2448=AXIS2_PLACEMENT_3D('',#3385,#2758,#2759);
#2449=AXIS2_PLACEMENT_3D('',#3391,#2763,#2764);
#2450=AXIS2_PLACEMENT_3D('',#3395,#2767,#2768);
#2451=AXIS2_PLACEMENT_3D('',#3399,#2771,#2772);
#2452=AXIS2_PLACEMENT_3D('',#3403,#2775,#2776);
#2453=AXIS2_PLACEMENT_3D('',#3407,#2779,#2780);
#2454=AXIS2_PLACEMENT_3D('',#3409,#2782,#2783);
#2455=AXIS2_PLACEMENT_3D('',#3410,#2784,#2785);
#2456=AXIS2_PLACEMENT_3D('',#3412,#2786,#2787);
#2457=AXIS2_PLACEMENT_3D('',#3413,#2788,#2789);
#2458=AXIS2_PLACEMENT_3D('',#3414,#2790,#2791);
#2459=AXIS2_PLACEMENT_3D('',#3415,#2792,#2793);
#2460=AXIS2_PLACEMENT_3D('',#3416,#2794,#2795);
#2461=AXIS2_PLACEMENT_3D('',#3418,#2796,#2797);
#2462=AXIS2_PLACEMENT_3D('',#3421,#2799,#2800);
#2463=AXIS2_PLACEMENT_3D('',#3422,#2801,#2802);
#2464=AXIS2_PLACEMENT_3D('',#3424,#2803,#2804);
#2465=AXIS2_PLACEMENT_3D('',#3426,#2805,#2806);
#2466=AXIS2_PLACEMENT_3D('',#3427,#2807,#2808);
#2467=AXIS2_PLACEMENT_3D('',#3428,#2809,#2810);
#2468=AXIS2_PLACEMENT_3D('',#3430,#2811,#2812);
#2469=AXIS2_PLACEMENT_3D('',#3431,#2813,#2814);
#2470=AXIS2_PLACEMENT_3D('',#3433,#2816,#2817);
#2471=AXIS2_PLACEMENT_3D('',#3440,#2821,#2822);
#2472=AXIS2_PLACEMENT_3D('',#3444,#2825,#2826);
#2473=AXIS2_PLACEMENT_3D('',#3448,#2829,#2830);
#2474=AXIS2_PLACEMENT_3D('',#3452,#2833,#2834);
#2475=AXIS2_PLACEMENT_3D('',#3456,#2837,#2838);
#2476=AXIS2_PLACEMENT_3D('',#3458,#2840,#2841);
#2477=AXIS2_PLACEMENT_3D('',#3464,#2845,#2846);
#2478=AXIS2_PLACEMENT_3D('',#3468,#2849,#2850);
#2479=AXIS2_PLACEMENT_3D('',#3472,#2853,#2854);
#2480=AXIS2_PLACEMENT_3D('',#3476,#2857,#2858);
#2481=AXIS2_PLACEMENT_3D('',#3480,#2861,#2862);
#2482=AXIS2_PLACEMENT_3D('',#3482,#2864,#2865);
#2483=AXIS2_PLACEMENT_3D('',#3483,#2866,#2867);
#2484=AXIS2_PLACEMENT_3D('',#3485,#2868,#2869);
#2485=AXIS2_PLACEMENT_3D('',#3486,#2870,#2871);
#2486=AXIS2_PLACEMENT_3D('',#3487,#2872,#2873);
#2487=AXIS2_PLACEMENT_3D('',#3488,#2874,#2875);
#2488=AXIS2_PLACEMENT_3D('',#3499,#2876,#2877);
#2489=AXIS2_PLACEMENT_3D('',#3511,#2878,#2879);
#2490=AXIS2_PLACEMENT_3D('',#3512,#2880,#2881);
#2491=AXIS2_PLACEMENT_3D('',#3527,#2883,#2884);
#2492=AXIS2_PLACEMENT_3D('',#3529,#2885,#2886);
#2493=AXIS2_PLACEMENT_3D('',#3561,#2889,#2890);
#2494=AXIS2_PLACEMENT_3D('',#3574,#2892,#2893);
#2495=AXIS2_PLACEMENT_3D('',#3576,#2894,#2895);
#2496=AXIS2_PLACEMENT_3D('',#3579,#2897,#2898);
#2497=AXIS2_PLACEMENT_3D('',#3580,#2899,#2900);
#2498=AXIS2_PLACEMENT_3D('',#3585,#2902,#2903);
#2499=AXIS2_PLACEMENT_3D('',#3589,#2905,#2906);
#2500=AXIS2_PLACEMENT_3D('',#3593,#2908,#2909);
#2501=AXIS2_PLACEMENT_3D('',#3597,#2911,#2912);
#2502=AXIS2_PLACEMENT_3D('',#3601,#2914,#2915);
#2503=AXIS2_PLACEMENT_3D('',#3604,#2917,#2918);
#2504=AXIS2_PLACEMENT_3D('',#3606,#2919,#2920);
#2505=AXIS2_PLACEMENT_3D('',#3607,#2921,#2922);
#2506=AXIS2_PLACEMENT_3D('',#3609,#2923,#2924);
#2507=AXIS2_PLACEMENT_3D('',#3611,#2926,#2927);
#2508=AXIS2_PLACEMENT_3D('',#3614,#2929,#2930);
#2509=AXIS2_PLACEMENT_3D('',#3615,#2931,#2932);
#2510=AXIS2_PLACEMENT_3D('',#3617,#2933,#2934);
#2511=AXIS2_PLACEMENT_3D('',#3619,#2936,#2937);
#2512=AXIS2_PLACEMENT_3D('',#3622,#2939,#2940);
#2513=AXIS2_PLACEMENT_3D('',#3623,#2941,#2942);
#2514=AXIS2_PLACEMENT_3D('',#3625,#2943,#2944);
#2515=AXIS2_PLACEMENT_3D('',#3627,#2946,#2947);
#2516=AXIS2_PLACEMENT_3D('',#3633,#2951,#2952);
#2517=AXIS2_PLACEMENT_3D('',#3635,#2953,#2954);
#2518=AXIS2_PLACEMENT_3D('',#3637,#2956,#2957);
#2519=AXIS2_PLACEMENT_3D('',#3641,#2960,#2961);
#2520=AXIS2_PLACEMENT_3D('',#3643,#2962,#2963);
#2521=AXIS2_PLACEMENT_3D('',#3645,#2965,#2966);
#2522=AXIS2_PLACEMENT_3D('',#3649,#2969,#2970);
#2523=AXIS2_PLACEMENT_3D('',#3651,#2971,#2972);
#2524=AXIS2_PLACEMENT_3D('',#3653,#2974,#2975);
#2525=AXIS2_PLACEMENT_3D('',#3657,#2978,#2979);
#2526=AXIS2_PLACEMENT_3D('',#3659,#2980,#2981);
#2527=AXIS2_PLACEMENT_3D('',#3661,#2983,#2984);
#2528=AXIS2_PLACEMENT_3D('',#3665,#2987,#2988);
#2529=AXIS2_PLACEMENT_3D('',#3667,#2989,#2990);
#2530=AXIS2_PLACEMENT_3D('',#3669,#2992,#2993);
#2531=AXIS2_PLACEMENT_3D('',#3671,#2995,#2996);
#2532=AXIS2_PLACEMENT_3D('',#3675,#2998,#2999);
#2533=AXIS2_PLACEMENT_3D('',#3677,#3001,#3002);
#2534=AXIS2_PLACEMENT_3D('',#3700,#3012,#3013);
#2535=AXIS2_PLACEMENT_3D('',#3703,#3015,#3016);
#2536=AXIS2_PLACEMENT_3D('',#3704,#3017,#3018);
#2537=AXIS2_PLACEMENT_3D('',#3708,#3021,#3022);
#2538=AXIS2_PLACEMENT_3D('',#3711,#3024,#3025);
#2539=AXIS2_PLACEMENT_3D('',#3712,#3026,#3027);
#2540=AXIS2_PLACEMENT_3D('',#3804,#3032,#3033);
#2541=AXIS2_PLACEMENT_3D('',#3810,#3037,#3038);
#2542=AXIS2_PLACEMENT_3D('',#3813,#3040,#3041);
#2543=AXIS2_PLACEMENT_3D('',#3814,#3042,#3043);
#2544=AXIS2_PLACEMENT_3D('',#3817,#3045,#3046);
#2545=AXIS2_PLACEMENT_3D('',#3818,#3047,#3048);
#2546=AXIS2_PLACEMENT_3D('',#3888,#3054,#3055);
#2547=AXIS2_PLACEMENT_3D('',#3893,#3058,#3059);
#2548=AXIS2_PLACEMENT_3D('',#3894,#3060,#3061);
#2549=AXIS2_PLACEMENT_3D('',#3897,#3063,#3064);
#2550=AXIS2_PLACEMENT_3D('',#3898,#3065,#3066);
#2551=AXIS2_PLACEMENT_3D('',#4089,#3070,#3071);
#2552=AXIS2_PLACEMENT_3D('',#4093,#3074,#3075);
#2553=AXIS2_PLACEMENT_3D('',#4096,#3077,#3078);
#2554=AXIS2_PLACEMENT_3D('',#4097,#3079,#3080);
#2555=AXIS2_PLACEMENT_3D('',#4098,#3081,#3082);
#2556=AXIS2_PLACEMENT_3D('',#4100,#3084,#3085);
#2557=AXIS2_PLACEMENT_3D('',#4103,#3087,#3088);
#2558=AXIS2_PLACEMENT_3D('',#4104,#3089,#3090);
#2559=AXIS2_PLACEMENT_3D('',#4106,#3091,#3092);
#2560=AXIS2_PLACEMENT_3D('',#4109,#3094,#3095);
#2561=AXIS2_PLACEMENT_3D('',#4127,#3096,#3097);
#2562=AXIS2_PLACEMENT_3D('',#4161,#3098,#3099);
#2563=AXIS2_PLACEMENT_3D('',#4165,#3101,#3102);
#2564=AXIS2_PLACEMENT_3D('',#4167,#3104,#3105);
#2565=AXIS2_PLACEMENT_3D('',#4170,#3107,#3108);
#2566=AXIS2_PLACEMENT_3D('',#4171,#3109,#3110);
#2567=AXIS2_PLACEMENT_3D('',#4255,#3112,#3113);
#2568=AXIS2_PLACEMENT_3D('',#4261,#3117,#3118);
#2569=AXIS2_PLACEMENT_3D('',#4264,#3120,#3121);
#2570=AXIS2_PLACEMENT_3D('',#4265,#3122,#3123);
#2571=AXIS2_PLACEMENT_3D('',#4271,#3127,#3128);
#2572=AXIS2_PLACEMENT_3D('',#4275,#3130,#3131);
#2573=AXIS2_PLACEMENT_3D('',#4276,#3132,#3133);
#2574=AXIS2_PLACEMENT_3D('',#4277,#3134,#3135);
#2575=AXIS2_PLACEMENT_3D('',#4349,#3141,#3142);
#2576=AXIS2_PLACEMENT_3D('',#4455,#3149,#3150);
#2577=AXIS2_PLACEMENT_3D('',#4464,#3156,#3157);
#2578=AXIS2_PLACEMENT_3D('',#4467,#3159,#3160);
#2579=AXIS2_PLACEMENT_3D('',#4468,#3161,#3162);
#2580=AXIS2_PLACEMENT_3D('',#4473,#3165,#3166);
#2581=AXIS2_PLACEMENT_3D('',#4474,#3167,#3168);
#2582=AXIS2_PLACEMENT_3D('',#4476,#3169,#3170);
#2583=AXIS2_PLACEMENT_3D('',#4477,#3171,#3172);
#2584=AXIS2_PLACEMENT_3D('',#4478,#3173,#3174);
#2585=AXIS2_PLACEMENT_3D('',#4479,#3175,#3176);
#2586=AXIS2_PLACEMENT_3D('',#4481,#3177,#3178);
#2587=AXIS2_PLACEMENT_3D('',#4484,#3180,#3181);
#2588=AXIS2_PLACEMENT_3D('',#4485,#3182,#3183);
#2589=AXIS2_PLACEMENT_3D('',#4488,#3185,#3186);
#2590=AXIS2_PLACEMENT_3D('',#4489,#3187,#3188);
#2591=AXIS2_PLACEMENT_3D('',#4490,#3189,#3190);
#2592=AXIS2_PLACEMENT_3D('',#4491,#3191,#3192);
#2593=AXIS2_PLACEMENT_3D('',#4493,#3193,#3194);
#2594=AXIS2_PLACEMENT_3D('',#4495,#3196,#3197);
#2595=AXIS2_PLACEMENT_3D('',#4499,#3200,#3201);
#2596=AXIS2_PLACEMENT_3D('',#4502,#3203,#3204);
#2597=AXIS2_PLACEMENT_3D('',#4503,#3205,#3206);
#2598=AXIS2_PLACEMENT_3D('',#4504,#3207,#3208);
#2599=AXIS2_PLACEMENT_3D('',#4505,#3209,#3210);
#2600=AXIS2_PLACEMENT_3D('',#4507,#3211,#3212);
#2601=AXIS2_PLACEMENT_3D('',#4509,#3214,#3215);
#2602=AXIS2_PLACEMENT_3D('',#4511,#3217,#3218);
#2603=AXIS2_PLACEMENT_3D('',#4513,#3219,#3220);
#2604=AXIS2_PLACEMENT_3D('',#4515,#3222,#3223);
#2605=AXIS2_PLACEMENT_3D('',#4517,#3225,#3226);
#2606=AXIS2_PLACEMENT_3D('',#4518,#3227,#3228);
#2607=AXIS2_PLACEMENT_3D('',#4520,#3230,#3231);
#2608=AXIS2_PLACEMENT_3D('',#4522,#3232,#3233);
#2609=AXIS2_PLACEMENT_3D('',#4524,#3234,#3235);
#2610=AXIS2_PLACEMENT_3D('',#4526,#3236,#3237);
#2611=AXIS2_PLACEMENT_3D('',#4527,#3238,#3239);
#2612=AXIS2_PLACEMENT_3D('',#4529,#3240,#3241);
#2613=AXIS2_PLACEMENT_3D('',#4530,#3242,#3243);
#2614=AXIS2_PLACEMENT_3D('',#4532,#3245,#3246);
#2615=AXIS2_PLACEMENT_3D('',#4534,#3247,#3248);
#2616=AXIS2_PLACEMENT_3D('',#4535,#3249,#3250);
#2617=AXIS2_PLACEMENT_3D('',#4537,#3252,#3253);
#2618=AXIS2_PLACEMENT_3D('',#4539,#3254,#3255);
#2619=AXIS2_PLACEMENT_3D('',#4540,#3256,#3257);
#2620=AXIS2_PLACEMENT_3D('',#4542,#3259,#3260);
#2621=AXIS2_PLACEMENT_3D('',#4543,#3261,#3262);
#2622=AXIS2_PLACEMENT_3D('',#4544,#3263,#3264);
#2623=AXIS2_PLACEMENT_3D('',#4545,#3265,#3266);
#2624=DIRECTION('axis',(0.,0.,1.));
#2625=DIRECTION('refdir',(1.,0.,0.));
#2626=DIRECTION('axis',(0.,0.,1.));
#2627=DIRECTION('refdir',(1.,0.,0.));
#2628=DIRECTION('axis',(0.,0.,1.));
#2629=DIRECTION('refdir',(1.,0.,0.));
#2630=DIRECTION('center_axis',(2.75333173930341E-16,0.,1.));
#2631=DIRECTION('ref_axis',(-1.,0.,0.));
#2632=DIRECTION('center_axis',(2.75333173930341E-16,0.,1.));
#2633=DIRECTION('ref_axis',(-1.,0.,0.));
#2634=DIRECTION('',(-0.739271628119041,9.05346633076436E-17,-0.673407350611962));
#2635=DIRECTION('center_axis',(-2.75333173930341E-16,0.,-1.));
#2636=DIRECTION('ref_axis',(-1.,0.,0.));
#2637=DIRECTION('center_axis',(-2.75333173930341E-16,0.,-1.));
#2638=DIRECTION('ref_axis',(-1.,0.,2.69014544372463E-16));
#2639=DIRECTION('center_axis',(-2.75333173930341E-16,0.,-1.));
#2640=DIRECTION('ref_axis',(-1.,0.,2.75333173930341E-16));
#2641=DIRECTION('center_axis',(-1.22464679914735E-16,-1.,3.37185890152874E-32));
#2642=DIRECTION('ref_axis',(1.,-1.22464679914735E-16,-2.69014544372463E-16));
#2643=DIRECTION('center_axis',(2.75333173930341E-16,0.,1.));
#2644=DIRECTION('ref_axis',(-1.,0.,2.84478055506958E-16));
#2645=DIRECTION('center_axis',(-2.75333173930341E-16,0.,-1.));
#2646=DIRECTION('ref_axis',(-1.,0.,2.75333173930341E-16));
#2647=DIRECTION('center_axis',(-2.75333173930341E-16,0.,-1.));
#2648=DIRECTION('ref_axis',(1.,0.,-2.75333173930341E-16));
#2649=DIRECTION('center_axis',(-2.75333173930341E-16,0.,-1.));
#2650=DIRECTION('ref_axis',(-1.,0.,0.));
#2651=DIRECTION('',(2.75333173930341E-16,0.,1.));
#2652=DIRECTION('center_axis',(0.0435778713738291,-0.0754790873051733,-0.996194698091746));
#2653=DIRECTION('ref_axis',(-0.866025403784439,-0.5,0.));
#2654=DIRECTION('',(0.,0.997141949694316,-0.0755508581011305));
#2655=DIRECTION('',(-0.866025403784439,-0.5,0.));
#2656=DIRECTION('',(-0.863550259614423,0.498570974847158,-0.0755508581011305));
#2657=DIRECTION('center_axis',(0.0871557427476581,1.0474827575487E-17,-0.996194698091746));
#2658=DIRECTION('ref_axis',(1.20185167898973E-16,-1.,0.));
#2659=DIRECTION('',(1.20185167898973E-16,-1.,0.));
#2660=DIRECTION('',(-0.863550259614423,-0.498570974847158,-0.0755508581011305));
#2661=DIRECTION('center_axis',(0.0435778713738291,0.0754790873051733,-0.996194698091746));
#2662=DIRECTION('ref_axis',(0.866025403784439,-0.5,0.));
#2663=DIRECTION('',(0.866025403784439,-0.5,0.));
#2664=DIRECTION('',(-1.59381164582915E-16,-0.997141949694316,-0.0755508581011305));
#2665=DIRECTION('center_axis',(-0.0435778713738291,0.0754790873051733,-0.996194698091746));
#2666=DIRECTION('ref_axis',(0.866025403784439,0.5,0.));
#2667=DIRECTION('',(0.866025403784439,0.5,0.));
#2668=DIRECTION('',(0.863550259614423,-0.498570974847159,-0.0755508581011306));
#2669=DIRECTION('center_axis',(-0.0871557427476581,4.18993103019479E-17,
-0.996194698091746));
#2670=DIRECTION('ref_axis',(4.80740671595891E-16,1.,0.));
#2671=DIRECTION('',(4.80740671595891E-16,1.,0.));
#2672=DIRECTION('',(0.863550259614423,0.498570974847158,-0.0755508581011305));
#2673=DIRECTION('center_axis',(-0.0435778713738291,-0.0754790873051733,
-0.996194698091746));
#2674=DIRECTION('ref_axis',(-0.866025403784439,0.5,0.));
#2675=DIRECTION('',(-0.866025403784439,0.5,0.));
#2676=DIRECTION('center_axis',(0.5,-0.866025403784439,0.));
#2677=DIRECTION('ref_axis',(-0.866025403784439,-0.5,0.));
#2678=DIRECTION('',(-0.866025403784439,-0.5,2.38445523128275E-16));
#2679=DIRECTION('',(0.,0.,-1.));
#2680=DIRECTION('',(0.,0.,-1.));
#2681=DIRECTION('center_axis',(1.,1.20185167898973E-16,0.));
#2682=DIRECTION('ref_axis',(1.20185167898973E-16,-1.,0.));
#2683=DIRECTION('',(1.20185167898973E-16,-1.,-3.30909637369751E-32));
#2684=DIRECTION('',(0.,0.,-1.));
#2685=DIRECTION('center_axis',(0.5,0.866025403784439,0.));
#2686=DIRECTION('ref_axis',(0.866025403784439,-0.5,0.));
#2687=DIRECTION('',(0.866025403784439,-0.5,-2.38445523128275E-16));
#2688=DIRECTION('',(0.,0.,-1.));
#2689=DIRECTION('center_axis',(-0.5,0.866025403784439,0.));
#2690=DIRECTION('ref_axis',(0.866025403784439,0.5,0.));
#2691=DIRECTION('',(0.866025403784439,0.5,-2.38445523128275E-16));
#2692=DIRECTION('',(0.,0.,-1.));
#2693=DIRECTION('center_axis',(-1.,4.80740671595891E-16,0.));
#2694=DIRECTION('ref_axis',(4.80740671595891E-16,1.,0.));
#2695=DIRECTION('',(4.80740671595891E-16,1.,-1.32363854947901E-31));
#2696=DIRECTION('',(0.,0.,-1.));
#2697=DIRECTION('center_axis',(-0.5,-0.866025403784439,0.));
#2698=DIRECTION('ref_axis',(-0.866025403784439,0.5,0.));
#2699=DIRECTION('',(-0.866025403784439,0.5,2.38445523128275E-16));
#2700=DIRECTION('center_axis',(-2.75333173930341E-16,0.,-1.));
#2701=DIRECTION('ref_axis',(-1.,0.,2.75333173930341E-16));
#2702=DIRECTION('center_axis',(2.75333173930341E-16,0.,1.));
#2703=DIRECTION('ref_axis',(1.,0.,-2.75333173930341E-16));
#2704=DIRECTION('center_axis',(-2.75333173930341E-16,0.,-1.));
#2705=DIRECTION('ref_axis',(1.,0.,-2.75333173930341E-16));
#2706=DIRECTION('center_axis',(6.12323399573677E-17,0.,1.));
#2707=DIRECTION('ref_axis',(1.,0.,0.));
#2708=DIRECTION('center_axis',(1.22464679914735E-16,-1.,0.));
#2709=DIRECTION('ref_axis',(-1.,-1.22464679914735E-16,0.));
#2710=DIRECTION('axis',(0.,0.,1.));
#2711=DIRECTION('refdir',(1.,0.,0.));
#2712=DIRECTION('center_axis',(2.75333173930341E-16,0.,1.));
#2713=DIRECTION('ref_axis',(-1.,0.,0.));
#2714=DIRECTION('center_axis',(2.75333173930341E-16,0.,1.));
#2715=DIRECTION('ref_axis',(-1.,0.,0.));
#2716=DIRECTION('',(-0.739271628119041,9.05346633076436E-17,-0.673407350611962));
#2717=DIRECTION('center_axis',(-2.75333173930341E-16,0.,-1.));
#2718=DIRECTION('ref_axis',(-1.,0.,0.));
#2719=DIRECTION('center_axis',(-2.75333173930341E-16,0.,-1.));
#2720=DIRECTION('ref_axis',(-1.,0.,2.69014544372463E-16));
#2721=DIRECTION('center_axis',(-2.75333173930341E-16,0.,-1.));
#2722=DIRECTION('ref_axis',(-1.,0.,2.75333173930341E-16));
#2723=DIRECTION('center_axis',(-1.22464679914735E-16,-1.,3.37185890152874E-32));
#2724=DIRECTION('ref_axis',(1.,-1.22464679914735E-16,-2.69014544372463E-16));
#2725=DIRECTION('center_axis',(2.75333173930341E-16,0.,1.));
#2726=DIRECTION('ref_axis',(-1.,0.,2.84478055506958E-16));
#2727=DIRECTION('center_axis',(-2.75333173930341E-16,0.,-1.));
#2728=DIRECTION('ref_axis',(-1.,0.,2.75333173930341E-16));
#2729=DIRECTION('center_axis',(-2.75333173930341E-16,0.,-1.));
#2730=DIRECTION('ref_axis',(1.,0.,-2.75333173930341E-16));
#2731=DIRECTION('center_axis',(-2.75333173930341E-16,0.,-1.));
#2732=DIRECTION('ref_axis',(-1.,0.,0.));
#2733=DIRECTION('',(2.75333173930341E-16,0.,1.));
#2734=DIRECTION('center_axis',(0.0435778713738291,-0.0754790873051733,-0.996194698091746));
#2735=DIRECTION('ref_axis',(-0.866025403784439,-0.5,0.));
#2736=DIRECTION('',(0.,0.997141949694316,-0.0755508581011305));
#2737=DIRECTION('',(-0.866025403784439,-0.5,0.));
#2738=DIRECTION('',(-0.863550259614423,0.498570974847158,-0.0755508581011305));
#2739=DIRECTION('center_axis',(0.0871557427476581,1.0474827575487E-17,-0.996194698091746));
#2740=DIRECTION('ref_axis',(1.20185167898973E-16,-1.,0.));
#2741=DIRECTION('',(1.20185167898973E-16,-1.,0.));
#2742=DIRECTION('',(-0.863550259614423,-0.498570974847158,-0.0755508581011305));
#2743=DIRECTION('center_axis',(0.0435778713738291,0.0754790873051733,-0.996194698091746));
#2744=DIRECTION('ref_axis',(0.866025403784439,-0.5,0.));
#2745=DIRECTION('',(0.866025403784439,-0.5,0.));
#2746=DIRECTION('',(-1.59381164582915E-16,-0.997141949694316,-0.0755508581011305));
#2747=DIRECTION('center_axis',(-0.0435778713738291,0.0754790873051733,-0.996194698091746));
#2748=DIRECTION('ref_axis',(0.866025403784439,0.5,0.));
#2749=DIRECTION('',(0.866025403784439,0.5,0.));
#2750=DIRECTION('',(0.863550259614423,-0.498570974847159,-0.0755508581011306));
#2751=DIRECTION('center_axis',(-0.0871557427476581,4.18993103019479E-17,
-0.996194698091746));
#2752=DIRECTION('ref_axis',(4.80740671595891E-16,1.,0.));
#2753=DIRECTION('',(4.80740671595891E-16,1.,0.));
#2754=DIRECTION('',(0.863550259614423,0.498570974847158,-0.0755508581011305));
#2755=DIRECTION('center_axis',(-0.0435778713738291,-0.0754790873051733,
-0.996194698091746));
#2756=DIRECTION('ref_axis',(-0.866025403784439,0.5,0.));
#2757=DIRECTION('',(-0.866025403784439,0.5,0.));
#2758=DIRECTION('center_axis',(0.5,-0.866025403784439,0.));
#2759=DIRECTION('ref_axis',(-0.866025403784439,-0.5,0.));
#2760=DIRECTION('',(-0.866025403784439,-0.5,2.38445523128275E-16));
#2761=DIRECTION('',(0.,0.,-1.));
#2762=DIRECTION('',(0.,0.,-1.));
#2763=DIRECTION('center_axis',(1.,1.20185167898973E-16,0.));
#2764=DIRECTION('ref_axis',(1.20185167898973E-16,-1.,0.));
#2765=DIRECTION('',(1.20185167898973E-16,-1.,-3.30909637369751E-32));
#2766=DIRECTION('',(0.,0.,-1.));
#2767=DIRECTION('center_axis',(0.5,0.866025403784439,0.));
#2768=DIRECTION('ref_axis',(0.866025403784439,-0.5,0.));
#2769=DIRECTION('',(0.866025403784439,-0.5,-2.38445523128275E-16));
#2770=DIRECTION('',(0.,0.,-1.));
#2771=DIRECTION('center_axis',(-0.5,0.866025403784439,0.));
#2772=DIRECTION('ref_axis',(0.866025403784439,0.5,0.));
#2773=DIRECTION('',(0.866025403784439,0.5,-2.38445523128275E-16));
#2774=DIRECTION('',(0.,0.,-1.));
#2775=DIRECTION('center_axis',(-1.,4.80740671595891E-16,0.));
#2776=DIRECTION('ref_axis',(4.80740671595891E-16,1.,0.));
#2777=DIRECTION('',(4.80740671595891E-16,1.,-1.32363854947901E-31));
#2778=DIRECTION('',(0.,0.,-1.));
#2779=DIRECTION('center_axis',(-0.5,-0.866025403784439,0.));
#2780=DIRECTION('ref_axis',(-0.866025403784439,0.5,0.));
#2781=DIRECTION('',(-0.866025403784439,0.5,2.38445523128275E-16));
#2782=DIRECTION('center_axis',(-2.75333173930341E-16,0.,-1.));
#2783=DIRECTION('ref_axis',(-1.,0.,2.75333173930341E-16));
#2784=DIRECTION('center_axis',(2.75333173930341E-16,0.,1.));
#2785=DIRECTION('ref_axis',(1.,0.,-2.75333173930341E-16));
#2786=DIRECTION('center_axis',(-2.75333173930341E-16,0.,-1.));
#2787=DIRECTION('ref_axis',(1.,0.,-2.75333173930341E-16));
#2788=DIRECTION('center_axis',(6.12323399573677E-17,0.,1.));
#2789=DIRECTION('ref_axis',(1.,0.,0.));
#2790=DIRECTION('center_axis',(1.22464679914735E-16,-1.,0.));
#2791=DIRECTION('ref_axis',(-1.,-1.22464679914735E-16,0.));
#2792=DIRECTION('axis',(0.,0.,1.));
#2793=DIRECTION('refdir',(1.,0.,0.));
#2794=DIRECTION('center_axis',(2.75333173930341E-16,0.,1.));
#2795=DIRECTION('ref_axis',(-1.,0.,0.));
#2796=DIRECTION('center_axis',(2.75333173930341E-16,0.,1.));
#2797=DIRECTION('ref_axis',(-1.,0.,0.));
#2798=DIRECTION('',(-0.739271628119041,9.05346633076436E-17,-0.673407350611962));
#2799=DIRECTION('center_axis',(-2.75333173930341E-16,0.,-1.));
#2800=DIRECTION('ref_axis',(-1.,0.,0.));
#2801=DIRECTION('center_axis',(-2.75333173930341E-16,0.,-1.));
#2802=DIRECTION('ref_axis',(-1.,0.,2.69014544372463E-16));
#2803=DIRECTION('center_axis',(-2.75333173930341E-16,0.,-1.));
#2804=DIRECTION('ref_axis',(-1.,0.,2.75333173930341E-16));
#2805=DIRECTION('center_axis',(-1.22464679914735E-16,-1.,3.37185890152874E-32));
#2806=DIRECTION('ref_axis',(1.,-1.22464679914735E-16,-2.69014544372463E-16));
#2807=DIRECTION('center_axis',(2.75333173930341E-16,0.,1.));
#2808=DIRECTION('ref_axis',(-1.,0.,2.84478055506958E-16));
#2809=DIRECTION('center_axis',(-2.75333173930341E-16,0.,-1.));
#2810=DIRECTION('ref_axis',(-1.,0.,2.75333173930341E-16));
#2811=DIRECTION('center_axis',(-2.75333173930341E-16,0.,-1.));
#2812=DIRECTION('ref_axis',(1.,0.,-2.75333173930341E-16));
#2813=DIRECTION('center_axis',(-2.75333173930341E-16,0.,-1.));
#2814=DIRECTION('ref_axis',(-1.,0.,0.));
#2815=DIRECTION('',(2.75333173930341E-16,0.,1.));
#2816=DIRECTION('center_axis',(0.0435778713738291,-0.0754790873051733,-0.996194698091746));
#2817=DIRECTION('ref_axis',(-0.866025403784439,-0.5,0.));
#2818=DIRECTION('',(0.,0.997141949694316,-0.0755508581011305));
#2819=DIRECTION('',(-0.866025403784439,-0.5,0.));
#2820=DIRECTION('',(-0.863550259614423,0.498570974847158,-0.0755508581011305));
#2821=DIRECTION('center_axis',(0.0871557427476581,1.0474827575487E-17,-0.996194698091746));
#2822=DIRECTION('ref_axis',(1.20185167898973E-16,-1.,0.));
#2823=DIRECTION('',(1.20185167898973E-16,-1.,0.));
#2824=DIRECTION('',(-0.863550259614423,-0.498570974847158,-0.0755508581011305));
#2825=DIRECTION('center_axis',(0.0435778713738291,0.0754790873051733,-0.996194698091746));
#2826=DIRECTION('ref_axis',(0.866025403784439,-0.5,0.));
#2827=DIRECTION('',(0.866025403784439,-0.5,0.));
#2828=DIRECTION('',(-1.59381164582915E-16,-0.997141949694316,-0.0755508581011305));
#2829=DIRECTION('center_axis',(-0.0435778713738291,0.0754790873051733,-0.996194698091746));
#2830=DIRECTION('ref_axis',(0.866025403784439,0.5,0.));
#2831=DIRECTION('',(0.866025403784439,0.5,0.));
#2832=DIRECTION('',(0.863550259614423,-0.498570974847159,-0.0755508581011306));
#2833=DIRECTION('center_axis',(-0.0871557427476581,4.18993103019479E-17,
-0.996194698091746));
#2834=DIRECTION('ref_axis',(4.80740671595891E-16,1.,0.));
#2835=DIRECTION('',(4.80740671595891E-16,1.,0.));
#2836=DIRECTION('',(0.863550259614423,0.498570974847158,-0.0755508581011305));
#2837=DIRECTION('center_axis',(-0.0435778713738291,-0.0754790873051733,
-0.996194698091746));
#2838=DIRECTION('ref_axis',(-0.866025403784439,0.5,0.));
#2839=DIRECTION('',(-0.866025403784439,0.5,0.));
#2840=DIRECTION('center_axis',(0.5,-0.866025403784439,0.));
#2841=DIRECTION('ref_axis',(-0.866025403784439,-0.5,0.));
#2842=DIRECTION('',(-0.866025403784439,-0.5,2.38445523128275E-16));
#2843=DIRECTION('',(0.,0.,-1.));
#2844=DIRECTION('',(0.,0.,-1.));
#2845=DIRECTION('center_axis',(1.,1.20185167898973E-16,0.));
#2846=DIRECTION('ref_axis',(1.20185167898973E-16,-1.,0.));
#2847=DIRECTION('',(1.20185167898973E-16,-1.,-3.30909637369751E-32));
#2848=DIRECTION('',(0.,0.,-1.));
#2849=DIRECTION('center_axis',(0.5,0.866025403784439,0.));
#2850=DIRECTION('ref_axis',(0.866025403784439,-0.5,0.));
#2851=DIRECTION('',(0.866025403784439,-0.5,-2.38445523128275E-16));
#2852=DIRECTION('',(0.,0.,-1.));
#2853=DIRECTION('center_axis',(-0.5,0.866025403784439,0.));
#2854=DIRECTION('ref_axis',(0.866025403784439,0.5,0.));
#2855=DIRECTION('',(0.866025403784439,0.5,-2.38445523128275E-16));
#2856=DIRECTION('',(0.,0.,-1.));
#2857=DIRECTION('center_axis',(-1.,4.80740671595891E-16,0.));
#2858=DIRECTION('ref_axis',(4.80740671595891E-16,1.,0.));
#2859=DIRECTION('',(4.80740671595891E-16,1.,-1.32363854947901E-31));
#2860=DIRECTION('',(0.,0.,-1.));
#2861=DIRECTION('center_axis',(-0.5,-0.866025403784439,0.));
#2862=DIRECTION('ref_axis',(-0.866025403784439,0.5,0.));
#2863=DIRECTION('',(-0.866025403784439,0.5,2.38445523128275E-16));
#2864=DIRECTION('center_axis',(-2.75333173930341E-16,0.,-1.));
#2865=DIRECTION('ref_axis',(-1.,0.,2.75333173930341E-16));
#2866=DIRECTION('center_axis',(2.75333173930341E-16,0.,1.));
#2867=DIRECTION('ref_axis',(1.,0.,-2.75333173930341E-16));
#2868=DIRECTION('center_axis',(-2.75333173930341E-16,0.,-1.));
#2869=DIRECTION('ref_axis',(1.,0.,-2.75333173930341E-16));
#2870=DIRECTION('center_axis',(6.12323399573677E-17,0.,1.));
#2871=DIRECTION('ref_axis',(1.,0.,0.));
#2872=DIRECTION('center_axis',(1.22464679914735E-16,-1.,0.));
#2873=DIRECTION('ref_axis',(-1.,-1.22464679914735E-16,0.));
#2874=DIRECTION('center_axis',(1.12735000433264E-14,-1.12735000433264E-14,
-1.));
#2875=DIRECTION('ref_axis',(-1.,-1.04121604786514E-16,0.));
#2876=DIRECTION('center_axis',(0.,0.,1.));
#2877=DIRECTION('ref_axis',(-1.,0.,0.));
#2878=DIRECTION('center_axis',(0.,0.,-1.));
#2879=DIRECTION('ref_axis',(-1.,-2.10560850644546E-16,0.));
#2880=DIRECTION('center_axis',(0.,0.,1.));
#2881=DIRECTION('ref_axis',(1.,0.,0.));
#2882=DIRECTION('',(0.237151852388863,-0.971472592978583,0.));
#2883=DIRECTION('center_axis',(0.,0.,-1.));
#2884=DIRECTION('ref_axis',(0.915892365838403,0.401423933266234,0.));
#2885=DIRECTION('center_axis',(0.,0.,1.));
#2886=DIRECTION('ref_axis',(-1.,0.,0.));
#2887=DIRECTION('',(0.906307787036649,-0.4226182617407,0.));
#2888=DIRECTION('',(-0.906307787036648,0.422618261740703,0.));
#2889=DIRECTION('center_axis',(0.,0.,1.));
#2890=DIRECTION('ref_axis',(1.,0.,0.));
#2891=DIRECTION('',(-0.230475133494988,0.973078215171045,0.));
#2892=DIRECTION('center_axis',(0.,0.,-1.));
#2893=DIRECTION('ref_axis',(1.,0.,0.));
#2894=DIRECTION('center_axis',(0.,0.,-1.));
#2895=DIRECTION('ref_axis',(1.,0.,0.));
#2896=DIRECTION('',(0.70710678118654,-8.65956056235484E-17,0.707106781186555));
#2897=DIRECTION('center_axis',(0.,0.,1.));
#2898=DIRECTION('ref_axis',(1.,0.,0.));
#2899=DIRECTION('center_axis',(0.,0.,-1.));
#2900=DIRECTION('ref_axis',(-1.,0.,0.));
#2901=DIRECTION('',(0.,1.,0.));
#2902=DIRECTION('center_axis',(0.,0.,1.));
#2903=DIRECTION('ref_axis',(0.707106781186548,-0.707106781186547,0.));
#2904=DIRECTION('',(1.,0.,0.));
#2905=DIRECTION('center_axis',(0.,0.,1.));
#2906=DIRECTION('ref_axis',(-0.707106781186548,-0.707106781186548,0.));
#2907=DIRECTION('',(0.,-1.,0.));
#2908=DIRECTION('center_axis',(0.,0.,1.));
#2909=DIRECTION('ref_axis',(-0.707106781186539,0.707106781186556,0.));
#2910=DIRECTION('',(-1.,2.25005199657365E-14,0.));
#2911=DIRECTION('center_axis',(0.,0.,1.));
#2912=DIRECTION('ref_axis',(0.707106781186563,0.707106781186532,0.));
#2913=DIRECTION('',(2.15032670032664E-14,1.,0.));
#2914=DIRECTION('center_axis',(0.,0.,-1.));
#2915=DIRECTION('ref_axis',(-0.923879532511291,-0.38268343236508,0.));
#2916=DIRECTION('',(-0.707106781186548,0.707106781186548,0.));
#2917=DIRECTION('center_axis',(0.,0.,-1.));
#2918=DIRECTION('ref_axis',(1.,0.,0.));
#2919=DIRECTION('center_axis',(0.,0.,-1.));
#2920=DIRECTION('ref_axis',(1.,0.,0.));
#2921=DIRECTION('center_axis',(0.,0.,-1.));
#2922=DIRECTION('ref_axis',(1.,0.,0.));
#2923=DIRECTION('center_axis',(0.,0.,-1.));
#2924=DIRECTION('ref_axis',(1.,0.,0.));
#2925=DIRECTION('',(0.,0.,-1.));
#2926=DIRECTION('center_axis',(0.,0.,-1.));
#2927=DIRECTION('ref_axis',(1.,0.,0.));
#2928=DIRECTION('',(0.707106781186548,-8.65956056235493E-17,0.707106781186548));
#2929=DIRECTION('center_axis',(0.,0.,1.));
#2930=DIRECTION('ref_axis',(1.,0.,0.));
#2931=DIRECTION('center_axis',(0.,0.,-1.));
#2932=DIRECTION('ref_axis',(1.,0.,0.));
#2933=DIRECTION('center_axis',(0.,0.,-1.));
#2934=DIRECTION('ref_axis',(1.,0.,0.));
#2935=DIRECTION('',(0.,0.,-1.));
#2936=DIRECTION('center_axis',(0.,0.,-1.));
#2937=DIRECTION('ref_axis',(1.,0.,0.));
#2938=DIRECTION('',(0.707106781186548,-8.65956056235493E-17,0.707106781186548));
#2939=DIRECTION('center_axis',(0.,0.,1.));
#2940=DIRECTION('ref_axis',(1.,0.,0.));
#2941=DIRECTION('center_axis',(0.,0.,-1.));
#2942=DIRECTION('ref_axis',(1.,0.,0.));
#2943=DIRECTION('center_axis',(0.,0.,-1.));
#2944=DIRECTION('ref_axis',(1.,0.,0.));
#2945=DIRECTION('',(0.,0.,-1.));
#2946=DIRECTION('center_axis',(0.707106781186555,0.,-0.70710678118654));
#2947=DIRECTION('ref_axis',(-0.70710678118654,0.,-0.707106781186555));
#2948=DIRECTION('',(0.,-1.,0.));
#2949=DIRECTION('',(-0.70710678118654,0.,-0.707106781186555));
#2950=DIRECTION('',(0.678598344545841,0.281084637714812,0.678598344545856));
#2951=DIRECTION('center_axis',(0.,0.,1.));
#2952=DIRECTION('ref_axis',(0.707106781186548,-0.707106781186547,0.));
#2953=DIRECTION('center_axis',(0.,0.,-1.));
#2954=DIRECTION('ref_axis',(0.707106781186548,-0.707106781186547,0.));
#2955=DIRECTION('',(0.,0.707106781186541,-0.707106781186554));
#2956=DIRECTION('center_axis',(0.,-0.707106781186548,-0.707106781186548));
#2957=DIRECTION('ref_axis',(-1.,0.,0.));
#2958=DIRECTION('',(7.85046229341887E-15,0.707106781186548,-0.707106781186548));
#2959=DIRECTION('',(-1.,0.,0.));
#2960=DIRECTION('center_axis',(0.,0.,1.));
#2961=DIRECTION('ref_axis',(-0.707106781186548,-0.707106781186548,0.));
#2962=DIRECTION('center_axis',(0.,0.,-1.));
#2963=DIRECTION('ref_axis',(-0.707106781186548,-0.707106781186548,0.));
#2964=DIRECTION('',(0.707106781186548,0.,-0.707106781186548));
#2965=DIRECTION('center_axis',(-0.707106781186548,0.,-0.707106781186548));
#2966=DIRECTION('ref_axis',(-0.707106781186548,0.,0.707106781186548));
#2967=DIRECTION('',(0.707106781186548,0.,-0.707106781186548));
#2968=DIRECTION('',(0.,1.,0.));
#2969=DIRECTION('center_axis',(0.,0.,1.));
#2970=DIRECTION('ref_axis',(-0.707106781186539,0.707106781186556,0.));
#2971=DIRECTION('center_axis',(0.,0.,-1.));
#2972=DIRECTION('ref_axis',(-0.707106781186539,0.707106781186556,0.));
#2973=DIRECTION('',(-1.17756934401282E-14,-0.707106781186555,-0.70710678118654));
#2974=DIRECTION('center_axis',(1.59102702479954E-14,0.70710678118654,-0.707106781186555));
#2975=DIRECTION('ref_axis',(-1.,0.,-2.2500519965736E-14));
#2976=DIRECTION('',(1.,-2.25005199657365E-14,0.));
#2977=DIRECTION('',(-1.57009245868376E-14,-0.707106781186555,-0.70710678118654));
#2978=DIRECTION('center_axis',(0.,0.,1.));
#2979=DIRECTION('ref_axis',(0.707106781186563,0.707106781186532,0.));
#2980=DIRECTION('center_axis',(0.,0.,-1.));
#2981=DIRECTION('ref_axis',(0.707106781186563,0.707106781186532,0.));
#2982=DIRECTION('',(-0.707106781186538,3.14018491736759E-14,-0.707106781186557));
#2983=DIRECTION('center_axis',(0.707106781186548,-1.52051059156746E-14,
-0.707106781186548));
#2984=DIRECTION('ref_axis',(-0.707106781186548,0.,-0.707106781186548));
#2985=DIRECTION('',(-2.15032670032664E-14,-1.,0.));
#2986=DIRECTION('',(-0.707106781186548,0.,-0.707106781186548));
#2987=DIRECTION('center_axis',(0.,0.,-1.));
#2988=DIRECTION('ref_axis',(-0.923879532511291,-0.38268343236508,0.));
#2989=DIRECTION('center_axis',(0.,0.,1.));
#2990=DIRECTION('ref_axis',(-0.923879532511291,-0.38268343236508,0.));
#2991=DIRECTION('',(-0.499999999999995,-0.500000000000003,-0.707106781186549));
#2992=DIRECTION('center_axis',(0.500000000000001,0.500000000000001,-0.707106781186546));
#2993=DIRECTION('ref_axis',(-0.816496580927725,0.,-0.577350269189628));
#2994=DIRECTION('',(0.707106781186548,-0.707106781186548,0.));
#2995=DIRECTION('center_axis',(0.,0.,-1.));
#2996=DIRECTION('ref_axis',(-0.707106781186539,0.707106781186556,0.));
#2997=DIRECTION('',(0.,0.,1.));
#2998=DIRECTION('center_axis',(0.,0.,1.));
#2999=DIRECTION('ref_axis',(-0.707106781186539,0.707106781186556,0.));
#3000=DIRECTION('',(0.,0.,1.));
#3001=DIRECTION('center_axis',(-1.,0.,0.));
#3002=DIRECTION('ref_axis',(0.,1.,0.));
#3003=DIRECTION('',(0.,0.,-1.));
#3004=DIRECTION('',(0.,-1.,0.));
#3005=DIRECTION('',(0.,0.,1.));
#3006=DIRECTION('',(0.,-0.145550382901278,0.989350840721981));
#3007=DIRECTION('',(0.,0.,1.));
#3008=DIRECTION('',(0.,-1.,0.));
#3009=DIRECTION('',(0.,0.,-1.));
#3010=DIRECTION('',(0.,-0.145550382901281,-0.989350840721981));
#3011=DIRECTION('',(0.,-1.,0.));
#3012=DIRECTION('center_axis',(0.,0.,-1.));
#3013=DIRECTION('ref_axis',(-0.707106781186548,-0.707106781186548,0.));
#3014=DIRECTION('',(0.,0.,1.));
#3015=DIRECTION('center_axis',(0.,0.,-1.));
#3016=DIRECTION('ref_axis',(-0.707106781186548,-0.707106781186548,0.));
#3017=DIRECTION('center_axis',(0.,-1.,0.));
#3018=DIRECTION('ref_axis',(-1.,0.,0.));
#3019=DIRECTION('',(0.,0.,-1.));
#3020=DIRECTION('',(1.,0.,0.));
#3021=DIRECTION('center_axis',(0.,0.,-1.));
#3022=DIRECTION('ref_axis',(0.707106781186548,-0.707106781186547,0.));
#3023=DIRECTION('',(0.,0.,1.));
#3024=DIRECTION('center_axis',(0.,0.,-1.));
#3025=DIRECTION('ref_axis',(0.707106781186548,-0.707106781186547,0.));
#3026=DIRECTION('center_axis',(1.,0.,0.));
#3027=DIRECTION('ref_axis',(0.,-1.,0.));
#3028=DIRECTION('',(0.,0.,-1.));
#3029=DIRECTION('',(0.,1.,0.));
#3030=DIRECTION('',(-0.688570017135562,-0.163088911195155,-0.706592767120575));
#3031=DIRECTION('',(0.309769352860665,0.685789670815038,-0.658585966622192));
#3032=DIRECTION('center_axis',(-0.688070204572346,-0.16297052978918,0.70710678118655));
#3033=DIRECTION('ref_axis',(0.716688231090615,0.,0.697393704743745));
#3034=DIRECTION('',(0.688070200109265,0.162970528732094,0.707106785773109));
#3035=DIRECTION('',(-0.688070204572351,-0.162970529789182,-0.707106781186545));
#3036=DIRECTION('',(0.230475133494988,-0.973078215171045,0.));
#3037=DIRECTION('center_axis',(0.,0.,1.));
#3038=DIRECTION('ref_axis',(1.,0.,0.));
#3039=DIRECTION('',(-0.298829242620187,-0.640859644348948,-0.707106781186537));
#3040=DIRECTION('center_axis',(0.,0.,-1.));
#3041=DIRECTION('ref_axis',(1.,0.,0.));
#3042=DIRECTION('center_axis',(-0.298836238730123,-0.640856382055788,0.707106781186547));
#3043=DIRECTION('ref_axis',(0.921118787038765,0.,0.389281620635028));
#3044=DIRECTION('',(0.906307787036648,-0.422618261740703,0.));
#3045=DIRECTION('center_axis',(-0.298836238730123,-0.640856382055788,0.707106781186547));
#3046=DIRECTION('ref_axis',(0.388790035873515,0.594925582862241,0.703495457598337));
#3047=DIRECTION('center_axis',(0.278389058669261,0.597007262910369,0.752384117353306));
#3048=DIRECTION('ref_axis',(0.93785902919891,0.,-0.347016485703602));
#3049=DIRECTION('',(0.317971267837184,0.681891584400033,-0.65872463135549));
#3050=DIRECTION('',(-0.906307787036649,0.4226182617407,-7.33656025325797E-18));
#3051=DIRECTION('',(-0.317971267837168,-0.681891584399996,0.658724631355536));
#3052=DIRECTION('',(0.643005839647687,0.297250140730535,-0.70582281346996));
#3053=DIRECTION('',(-0.317685194894219,-0.681278098994056,0.659496981627716));
#3054=DIRECTION('center_axis',(0.,0.,1.));
#3055=DIRECTION('ref_axis',(-1.,0.,0.));
#3056=DIRECTION('',(-0.652267238775044,-0.273033787690807,0.707106781186541));
#3057=DIRECTION('',(0.588855301533485,0.391470859523326,-0.707106781186531));
#3058=DIRECTION('center_axis',(0.,0.,-1.));
#3059=DIRECTION('ref_axis',(-1.,0.,0.));
#3060=DIRECTION('center_axis',(0.,0.,-1.));
#3061=DIRECTION('ref_axis',(0.915892365838402,0.401423933266234,0.));
#3062=DIRECTION('',(0.686934858232027,0.167691682995117,-0.707106781186555));
#3063=DIRECTION('center_axis',(0.,0.,1.));
#3064=DIRECTION('ref_axis',(0.915892365838403,0.401423933266234,0.));
#3065=DIRECTION('center_axis',(0.686934858232033,0.167691682995116,0.707106781186549));
#3066=DIRECTION('ref_axis',(0.717263599778183,0.,-0.696801929125661));
#3067=DIRECTION('',(0.68693485358804,0.167691681861442,-0.707106785966914));
#3068=DIRECTION('',(-0.237151852388863,0.971472592978583,0.));
#3069=DIRECTION('',(-0.68743384608236,-0.167813493835571,0.706592767120576));
#3070=DIRECTION('center_axis',(-0.973078215171045,-0.230475133494988,0.));
#3071=DIRECTION('ref_axis',(0.230475133494988,-0.973078215171045,0.));
#3072=DIRECTION('',(0.,0.,1.));
#3073=DIRECTION('',(-0.230475133494988,0.973078215171045,0.));
#3074=DIRECTION('center_axis',(0.,0.,1.));
#3075=DIRECTION('ref_axis',(-1.,0.,0.));
#3076=DIRECTION('',(0.,0.,1.));
#3077=DIRECTION('center_axis',(0.,0.,1.));
#3078=DIRECTION('ref_axis',(-1.,0.,0.));
#3079=DIRECTION('center_axis',(-0.422618261740703,-0.906307787036648,0.));
#3080=DIRECTION('ref_axis',(0.906307787036648,-0.422618261740703,0.));
#3081=DIRECTION('center_axis',(0.422618261740703,0.906307787036648,0.));
#3082=DIRECTION('ref_axis',(0.056240503354203,-0.0262253774125571,0.998072760555078));
#3083=DIRECTION('',(-0.906307787036648,0.422618261740703,0.));
#3084=DIRECTION('center_axis',(0.,0.145550382901279,-0.989350840721981));
#3085=DIRECTION('ref_axis',(-0.53902179344838,0.833322117988438,0.122595896582863));
#3086=DIRECTION('',(0.,0.145550382901278,-0.989350840721981));
#3087=DIRECTION('center_axis',(1.38407918018413E-16,0.0729697172737855,
-0.997334156820563));
#3088=DIRECTION('ref_axis',(-1.8917291908403E-15,-0.997334156820563,-0.0729697172737855));
#3089=DIRECTION('center_axis',(-0.418911012375379,-0.898357565116663,-0.132163720091015));
#3090=DIRECTION('ref_axis',(0.0558548016500493,0.119781008682219,-0.991227900682635));
#3091=DIRECTION('center_axis',(0.418911012375379,0.898357565116663,0.132163720091015));
#3092=DIRECTION('ref_axis',(-0.0558548016500493,-0.119781008682219,0.991227900682635));
#3093=DIRECTION('',(0.906307787036648,-0.422618261740704,2.68811567679383E-14));
#3094=DIRECTION('center_axis',(-0.418911012375379,-0.898357565116663,-0.132163720091015));
#3095=DIRECTION('ref_axis',(0.0558548016500493,0.119781008682219,-0.991227900682635));
#3096=DIRECTION('center_axis',(-0.419192619530449,-0.898961473609577,-0.127066190219502));
#3097=DIRECTION('ref_axis',(-0.0537004924365793,-0.115161077665015,0.99189423997879));
#3098=DIRECTION('center_axis',(0.,0.,-1.));
#3099=DIRECTION('ref_axis',(-1.,0.,0.));
#3100=DIRECTION('',(0.,0.,1.));
#3101=DIRECTION('center_axis',(0.,0.,-1.));
#3102=DIRECTION('ref_axis',(-1.,0.,0.));
#3103=DIRECTION('',(0.,0.,-1.));
#3104=DIRECTION('center_axis',(0.,0.,1.));
#3105=DIRECTION('ref_axis',(0.915892365838402,0.401423933266234,0.));
#3106=DIRECTION('',(0.,0.,-1.));
#3107=DIRECTION('center_axis',(0.,0.,-1.));
#3108=DIRECTION('ref_axis',(0.915892365838402,0.401423933266234,0.));
#3109=DIRECTION('center_axis',(0.971472592978583,0.237151852388863,0.));
#3110=DIRECTION('ref_axis',(-0.237151852388863,0.971472592978583,0.));
#3111=DIRECTION('',(0.237151852388863,-0.971472592978583,0.));
#3112=DIRECTION('center_axis',(-0.70710678118651,0.,0.707106781186585));
#3113=DIRECTION('ref_axis',(0.707106781186585,0.,0.70710678118651));
#3114=DIRECTION('',(-0.707106781186585,0.,-0.70710678118651));
#3115=DIRECTION('',(0.707106781186585,0.,0.70710678118651));
#3116=DIRECTION('',(0.,1.,0.));
#3117=DIRECTION('center_axis',(0.,0.,-1.));
#3118=DIRECTION('ref_axis',(-0.707106781186539,0.707106781186556,0.));
#3119=DIRECTION('',(1.17756934401282E-14,0.707106781186555,-0.70710678118654));
#3120=DIRECTION('center_axis',(0.,0.,-1.));
#3121=DIRECTION('ref_axis',(-0.707106781186539,0.707106781186556,0.));
#3122=DIRECTION('center_axis',(1.59102702479958E-14,0.707106781186555,0.70710678118654));
#3123=DIRECTION('ref_axis',(1.,0.,-2.2500519965737E-14));
#3124=DIRECTION('',(1.57009245868379E-14,0.70710678118654,-0.707106781186555));
#3125=DIRECTION('',(-1.,2.25005199657365E-14,0.));
#3126=DIRECTION('',(1.,-2.25005199657365E-14,0.));
#3127=DIRECTION('center_axis',(0.,0.,-1.));
#3128=DIRECTION('ref_axis',(0.707106781186563,0.707106781186532,0.));
#3129=DIRECTION('',(0.707106781186544,0.,-0.707106781186551));
#3130=DIRECTION('center_axis',(0.,0.,1.));
#3131=DIRECTION('ref_axis',(0.707106781186563,0.707106781186532,0.));
#3132=DIRECTION('center_axis',(0.,0.,-1.));
#3133=DIRECTION('ref_axis',(0.707106781186563,0.707106781186532,0.));
#3134=DIRECTION('center_axis',(0.707106781186542,-1.52051059156744E-14,
0.707106781186553));
#3135=DIRECTION('ref_axis',(0.707106781186553,0.,-0.707106781186542));
#3136=DIRECTION('',(0.707106781186553,0.,-0.707106781186542));
#3137=DIRECTION('',(2.15032670032664E-14,1.,0.));
#3138=DIRECTION('',(-2.15032670032664E-14,-1.,0.));
#3139=DIRECTION('',(-0.707561845312516,0.0203779725483531,0.706357539276509));
#3140=DIRECTION('',(-0.309769349318405,-0.685789672046752,-0.658585967005721));
#3141=DIRECTION('center_axis',(-0.278389058669258,-0.597007262910363,0.752384117353311));
#3142=DIRECTION('ref_axis',(0.937859029198912,0.,0.347016485703597));
#3143=DIRECTION('',(-0.317971267837179,-0.681891584399999,-0.658724631355528));
#3144=DIRECTION('',(0.906307787036649,-0.4226182617407,0.));
#3145=DIRECTION('',(0.31797126783717,0.681891584400001,0.65872463135553));
#3146=DIRECTION('',(-0.906307787036649,0.4226182617407,0.));
#3147=DIRECTION('',(-0.70756184549553,-0.0203779719719551,-0.706357539109813));
#3148=DIRECTION('',(0.317918592334171,0.681778621419284,0.658866966863478));
#3149=DIRECTION('center_axis',(1.,-2.15032670032664E-14,0.));
#3150=DIRECTION('ref_axis',(-2.15032670032664E-14,-1.,0.));
#3151=DIRECTION('',(0.,0.,1.));
#3152=DIRECTION('',(3.12980874595387E-15,0.14555038290128,0.989350840721981));
#3153=DIRECTION('',(0.,0.,1.));
#3154=DIRECTION('',(-2.15032670032664E-14,-1.,0.));
#3155=DIRECTION('',(0.,0.,1.));
#3156=DIRECTION('center_axis',(-3.12980874595387E-15,-0.14555038290128,
-0.989350840721981));
#3157=DIRECTION('ref_axis',(0.539021793448372,-0.833322117988443,0.122595896582864));
#3158=DIRECTION('',(-3.11818162967367E-15,-0.14555038290128,-0.989350840721981));
#3159=DIRECTION('center_axis',(-1.15779464546438E-15,-0.0729697172737225,
-0.997334156820568));
#3160=DIRECTION('ref_axis',(1.5824484315515E-14,0.997334156820568,-0.0729697172737225));
#3161=DIRECTION('center_axis',(0.418911012375379,0.898357565116663,-0.132163720091018));
#3162=DIRECTION('ref_axis',(0.0558548016500503,0.119781008682221,0.991227900682635));
#3163=DIRECTION('',(-1.16271162802045E-17,0.145550382901281,0.989350840721981));
#3164=DIRECTION('',(-0.906307787036648,0.422618261740703,1.80607772034582E-14));
#3165=DIRECTION('center_axis',(0.418911012375379,0.898357565116663,-0.132163720091018));
#3166=DIRECTION('ref_axis',(-0.0558548016500503,-0.119781008682221,-0.991227900682635));
#3167=DIRECTION('center_axis',(0.,0.145550382901281,0.989350840721981));
#3168=DIRECTION('ref_axis',(-0.842291817713842,-0.533281664515628,0.0784548284285475));
#3169=DIRECTION('center_axis',(0.,0.0729697172737121,0.997334156820569));
#3170=DIRECTION('ref_axis',(0.,-0.997334156820568,0.072969717273712));
#3171=DIRECTION('center_axis',(0.422618261740703,0.906307787036648,0.));
#3172=DIRECTION('ref_axis',(-0.056240503354204,0.0262253774125575,0.998072760555078));
#3173=DIRECTION('center_axis',(0.,0.,1.));
#3174=DIRECTION('ref_axis',(1.,0.,0.));
#3175=DIRECTION('center_axis',(0.,1.12735000433269E-14,-1.));
#3176=DIRECTION('ref_axis',(-1.,-1.08494459194698E-16,0.));
#3177=DIRECTION('center_axis',(0.,0.,1.));
#3178=DIRECTION('ref_axis',(-1.,-2.14528436762118E-16,0.));
#3179=DIRECTION('',(-0.766044443118983,-7.23576433569942E-15,0.642787609686534));
#3180=DIRECTION('center_axis',(0.,0.,-1.));
#3181=DIRECTION('ref_axis',(-1.,0.,0.));
#3182=DIRECTION('center_axis',(0.,0.,-1.));
#3183=DIRECTION('ref_axis',(-1.,0.,0.));
#3184=DIRECTION('',(0.17364817766693,2.12657684957577E-17,-0.984807753012208));
#3185=DIRECTION('center_axis',(0.,0.,-1.));
#3186=DIRECTION('ref_axis',(-1.,0.,0.));
#3187=DIRECTION('center_axis',(0.,0.,-1.));
#3188=DIRECTION('ref_axis',(-1.,0.,0.));
#3189=DIRECTION('center_axis',(0.,0.,1.));
#3190=DIRECTION('ref_axis',(-1.,0.,0.));
#3191=DIRECTION('center_axis',(0.,0.,-1.));
#3192=DIRECTION('ref_axis',(0.740537901760963,0.672014595120872,0.));
#3193=DIRECTION('center_axis',(0.,0.,-1.));
#3194=DIRECTION('ref_axis',(0.740537901760963,0.672014595120872,0.));
#3195=DIRECTION('',(0.,0.,1.));
#3196=DIRECTION('center_axis',(0.422618261740704,0.906307787036648,0.));
#3197=DIRECTION('ref_axis',(-0.906307787036648,0.422618261740704,0.));
#3198=DIRECTION('',(0.906307787036648,-0.422618261740704,0.));
#3199=DIRECTION('',(0.,0.,-1.));
#3200=DIRECTION('center_axis',(0.,0.,1.));
#3201=DIRECTION('ref_axis',(0.537299608346807,-0.843391445812896,0.));
#3202=DIRECTION('',(0.,0.,-1.));
#3203=DIRECTION('center_axis',(0.,0.,-1.));
#3204=DIRECTION('ref_axis',(0.537299608346807,-0.843391445812896,0.));
#3205=DIRECTION('center_axis',(0.,0.,1.));
#3206=DIRECTION('ref_axis',(-0.537299608346826,0.843391445812884,0.));
#3207=DIRECTION('center_axis',(0.,0.,-1.));
#3208=DIRECTION('ref_axis',(-0.537299608346826,0.843391445812884,0.));
#3209=DIRECTION('center_axis',(0.,0.,1.));
#3210=DIRECTION('ref_axis',(-0.843391445812884,-0.537299608346827,0.));
#3211=DIRECTION('center_axis',(0.,0.,-1.));
#3212=DIRECTION('ref_axis',(-0.843391445812884,-0.537299608346827,0.));
#3213=DIRECTION('',(0.,0.,1.));
#3214=DIRECTION('center_axis',(-0.422618261740703,-0.906307787036648,0.));
#3215=DIRECTION('ref_axis',(0.906307787036648,-0.422618261740703,0.));
#3216=DIRECTION('',(-0.906307787036648,0.422618261740703,0.));
#3217=DIRECTION('center_axis',(0.,0.,1.));
#3218=DIRECTION('ref_axis',(-0.923879532511291,-0.38268343236508,0.));
#3219=DIRECTION('center_axis',(0.,0.,1.));
#3220=DIRECTION('ref_axis',(-0.923879532511291,-0.38268343236508,0.));
#3221=DIRECTION('',(0.,0.,-1.));
#3222=DIRECTION('center_axis',(0.,0.,-1.));
#3223=DIRECTION('ref_axis',(0.707106781186563,0.707106781186532,0.));
#3224=DIRECTION('',(0.,0.,1.));
#3225=DIRECTION('center_axis',(2.25005199657365E-14,1.,0.));
#3226=DIRECTION('ref_axis',(1.,-2.25005199657365E-14,0.));
#3227=DIRECTION('center_axis',(0.707106781186548,0.707106781186548,0.));
#3228=DIRECTION('ref_axis',(0.707106781186548,-0.707106781186548,0.));
#3229=DIRECTION('',(0.707106781186548,-0.707106781186548,0.));
#3230=DIRECTION('center_axis',(0.,0.,1.));
#3231=DIRECTION('ref_axis',(1.,0.,0.));
#3232=DIRECTION('center_axis',(0.,0.,-1.));
#3233=DIRECTION('ref_axis',(1.,0.,0.));
#3234=DIRECTION('center_axis',(0.,0.,-1.));
#3235=DIRECTION('ref_axis',(1.,0.,0.));
#3236=DIRECTION('center_axis',(0.,0.,-1.));
#3237=DIRECTION('ref_axis',(1.,0.,0.));
#3238=DIRECTION('center_axis',(0.,0.,-1.));
#3239=DIRECTION('ref_axis',(1.,0.,0.));
#3240=DIRECTION('center_axis',(0.,0.,-1.));
#3241=DIRECTION('ref_axis',(1.,0.,0.));
#3242=DIRECTION('center_axis',(0.,0.,-1.));
#3243=DIRECTION('ref_axis',(1.,0.,0.));
#3244=DIRECTION('',(0.,0.,-1.));
#3245=DIRECTION('center_axis',(0.,0.,-1.));
#3246=DIRECTION('ref_axis',(1.,0.,0.));
#3247=DIRECTION('center_axis',(0.,0.,-1.));
#3248=DIRECTION('ref_axis',(1.,0.,0.));
#3249=DIRECTION('center_axis',(0.,0.,-1.));
#3250=DIRECTION('ref_axis',(1.,0.,0.));
#3251=DIRECTION('',(0.,0.,-1.));
#3252=DIRECTION('center_axis',(0.,0.,-1.));
#3253=DIRECTION('ref_axis',(1.,0.,0.));
#3254=DIRECTION('center_axis',(0.,0.,-1.));
#3255=DIRECTION('ref_axis',(1.,0.,0.));
#3256=DIRECTION('center_axis',(0.,0.,-1.));
#3257=DIRECTION('ref_axis',(1.,0.,0.));
#3258=DIRECTION('',(0.,0.,-1.));
#3259=DIRECTION('',(0.,1.22464679914735E-16,1.));
#3260=DIRECTION('',(1.,0.,0.));
#3261=DIRECTION('',(0.,1.22464679914735E-16,1.));
#3262=DIRECTION('',(1.,0.,0.));
#3263=DIRECTION('',(0.,1.22464679914735E-16,1.));
#3264=DIRECTION('',(1.,0.,0.));
#3265=DIRECTION('',(0.,0.,1.));
#3266=DIRECTION('',(1.,0.,0.));
#3267=CARTESIAN_POINT('',(0.,0.,0.));
#3268=CARTESIAN_POINT('',(0.,0.,0.));
#3269=CARTESIAN_POINT('',(0.,0.,0.));
#3270=CARTESIAN_POINT('Origin',(-4.23422563064762E-15,0.,-15.8466375));
#3271=CARTESIAN_POINT('',(1.4635,1.79227059055215E-16,-15.7538502839855));
#3272=CARTESIAN_POINT('Origin',(-4.20867823196217E-15,0.,-15.7538502839855));
#3273=CARTESIAN_POINT('',(1.193275,-1.46134040925256E-16,-16.));
#3274=CARTESIAN_POINT('',(1.3616375,-1.667525005974E-16,-15.8466375));
#3275=CARTESIAN_POINT('Origin',(-4.27645141453451E-15,0.,-16.));
#3276=CARTESIAN_POINT('Origin',(4.6279416171789E-17,0.,-0.300000000000217));
#3277=CARTESIAN_POINT('',(1.7635,-2.15966463029636E-16,-2.17915790531159E-13));
#3278=CARTESIAN_POINT('Origin',(1.28879368350891E-16,0.,-2.17430240478933E-13));
#3279=CARTESIAN_POINT('',(1.4635,1.79227059055215E-16,-0.300000000000217));
#3280=CARTESIAN_POINT('Origin',(1.7635,-2.15966463029636E-16,-0.300000000000217));
#3281=CARTESIAN_POINT('Origin',(4.6279416171789E-17,0.,-0.300000000000217));
#3282=CARTESIAN_POINT('Origin',(-1.5,0.,-2.17010089795198E-13));
#3283=CARTESIAN_POINT('',(-2.85,0.,-5.09176034668712E-13));
#3284=CARTESIAN_POINT('Origin',(1.28879368350811E-16,0.,-5.09960734214414E-13));
#3285=CARTESIAN_POINT('Origin',(-2.07378602309181E-15,0.,-8.00000000000011));
#3286=CARTESIAN_POINT('',(1.4635,-1.79227059055215E-16,-8.00000000000011));
#3287=CARTESIAN_POINT('Origin',(1.38777878078145E-16,-1.15470053837925,
0.61));
#3288=CARTESIAN_POINT('',(1.38777878078145E-16,-1.15470053837925,0.61));
#3289=CARTESIAN_POINT('',(5.55111512312578E-16,-1.52655665885959E-15,0.522511336474076));
#3290=CARTESIAN_POINT('',(5.55111512312578E-16,-0.867673141868932,0.588252678957559));
#3291=CARTESIAN_POINT('',(1.,-0.577350269189626,0.61));
#3292=CARTESIAN_POINT('',(1.78293846881771E-16,-1.15470053837925,0.61));
#3293=CARTESIAN_POINT('',(0.751426983039954,-0.433836570934466,0.588252678957559));
#3294=CARTESIAN_POINT('Origin',(1.,-0.577350269189626,0.61));
#3295=CARTESIAN_POINT('',(1.,0.577350269189626,0.61));
#3296=CARTESIAN_POINT('',(1.,-0.577350269189626,0.61));
#3297=CARTESIAN_POINT('',(0.751426983039954,0.433836570934466,0.588252678957559));
#3298=CARTESIAN_POINT('Origin',(1.,0.577350269189626,0.61));
#3299=CARTESIAN_POINT('',(0.,1.15470053837925,0.61));
#3300=CARTESIAN_POINT('',(1.,0.577350269189626,0.61));
#3301=CARTESIAN_POINT('',(2.08166817117217E-16,0.867673141868932,0.588252678957559));
#3302=CARTESIAN_POINT('Origin',(0.,1.15470053837925,0.61));
#3303=CARTESIAN_POINT('',(-1.,0.577350269189626,0.61));
#3304=CARTESIAN_POINT('',(-6.93889390390723E-17,1.15470053837925,0.61));
#3305=CARTESIAN_POINT('',(-0.751426983039954,0.433836570934466,0.588252678957559));
#3306=CARTESIAN_POINT('Origin',(-1.,0.577350269189626,0.61));
#3307=CARTESIAN_POINT('',(-1.,-0.577350269189625,0.61));
#3308=CARTESIAN_POINT('',(-1.,0.577350269189626,0.61));
#3309=CARTESIAN_POINT('',(-0.751426983039955,-0.433836570934465,0.588252678957559));
#3310=CARTESIAN_POINT('Origin',(-1.,-0.577350269189625,0.61));
#3311=CARTESIAN_POINT('',(-1.,-0.577350269189625,0.61));
#3312=CARTESIAN_POINT('Origin',(1.,-0.577350269189626,1.65));
#3313=CARTESIAN_POINT('',(1.,-0.577350269189626,1.65));
#3314=CARTESIAN_POINT('',(1.38777878078145E-16,-1.15470053837925,1.65));
#3315=CARTESIAN_POINT('',(0.2625,-1.00314609271698,1.64999999999949));
#3316=CARTESIAN_POINT('',(1.,-0.577350269189626,1.65));
#3317=CARTESIAN_POINT('',(1.38777878078145E-16,-1.15470053837925,1.65));
#3318=CARTESIAN_POINT('Origin',(1.,0.577350269189626,1.65));
#3319=CARTESIAN_POINT('',(1.,0.577350269189626,1.65));
#3320=CARTESIAN_POINT('',(1.,0.288675134594813,1.64999999999949));
#3321=CARTESIAN_POINT('',(1.,0.577350269189626,1.65));
#3322=CARTESIAN_POINT('Origin',(-1.38777878078145E-16,1.15470053837925,
1.65));
#3323=CARTESIAN_POINT('',(-6.93889390390723E-17,1.15470053837925,1.65));
#3324=CARTESIAN_POINT('',(-0.2375,1.29182122731179,1.64999999999949));
#3325=CARTESIAN_POINT('',(-6.93889390390723E-17,1.15470053837925,1.65));
#3326=CARTESIAN_POINT('Origin',(-1.,0.577350269189626,1.65));
#3327=CARTESIAN_POINT('',(-1.,0.577350269189626,1.65));
#3328=CARTESIAN_POINT('',(-1.2375,0.44022958025709,1.64999999999949));
#3329=CARTESIAN_POINT('',(-1.,0.577350269189626,1.65));
#3330=CARTESIAN_POINT('Origin',(-1.,-0.577350269189625,1.65));
#3331=CARTESIAN_POINT('',(-1.,-0.577350269189625,1.65));
#3332=CARTESIAN_POINT('',(-1.,-0.288675134594813,1.64999999999949));
#3333=CARTESIAN_POINT('',(-1.,-0.577350269189625,1.65));
#3334=CARTESIAN_POINT('Origin',(1.38777878078145E-16,-1.15470053837925,
1.65));
#3335=CARTESIAN_POINT('',(-0.7375,-0.728904714851902,1.64999999999949));
#3336=CARTESIAN_POINT('Origin',(-4.16333634234434E-15,0.,-16.));
#3337=CARTESIAN_POINT('Origin',(-1.3,0.,1.64999999999949));
#3338=CARTESIAN_POINT('',(-1.3,0.,1.64999999999949));
#3339=CARTESIAN_POINT('Origin',(5.83179105335874E-16,0.,1.64999999999949));
#3340=CARTESIAN_POINT('Origin',(-3.97354358273231E-16,0.,-1.12424242424294));
#3341=CARTESIAN_POINT('Origin',(-3.97354358273231E-16,0.,-1.12424242424294));
#3342=CARTESIAN_POINT('',(0.,0.,0.));
#3343=CARTESIAN_POINT('Origin',(-4.23422563064762E-15,0.,-15.8466375));
#3344=CARTESIAN_POINT('',(1.4635,1.79227059055215E-16,-15.7538502839855));
#3345=CARTESIAN_POINT('Origin',(-4.20867823196217E-15,0.,-15.7538502839855));
#3346=CARTESIAN_POINT('',(1.193275,-1.46134040925256E-16,-16.));
#3347=CARTESIAN_POINT('',(1.3616375,-1.667525005974E-16,-15.8466375));
#3348=CARTESIAN_POINT('Origin',(-4.27645141453451E-15,0.,-16.));
#3349=CARTESIAN_POINT('Origin',(4.6279416171789E-17,0.,-0.300000000000217));
#3350=CARTESIAN_POINT('',(1.7635,-2.15966463029636E-16,-2.17915790531159E-13));
#3351=CARTESIAN_POINT('Origin',(1.28879368350891E-16,0.,-2.17430240478933E-13));
#3352=CARTESIAN_POINT('',(1.4635,1.79227059055215E-16,-0.300000000000217));
#3353=CARTESIAN_POINT('Origin',(1.7635,-2.15966463029636E-16,-0.300000000000217));
#3354=CARTESIAN_POINT('Origin',(4.6279416171789E-17,0.,-0.300000000000217));
#3355=CARTESIAN_POINT('Origin',(-1.5,0.,-2.17010089795198E-13));
#3356=CARTESIAN_POINT('',(-2.85,0.,-5.09176034668712E-13));
#3357=CARTESIAN_POINT('Origin',(1.28879368350811E-16,0.,-5.09960734214414E-13));
#3358=CARTESIAN_POINT('Origin',(-2.07378602309181E-15,0.,-8.00000000000011));
#3359=CARTESIAN_POINT('',(1.4635,-1.79227059055215E-16,-8.00000000000011));
#3360=CARTESIAN_POINT('Origin',(1.38777878078145E-16,-1.15470053837925,
0.61));
#3361=CARTESIAN_POINT('',(1.38777878078145E-16,-1.15470053837925,0.61));
#3362=CARTESIAN_POINT('',(5.55111512312578E-16,-1.52655665885959E-15,0.522511336474076));
#3363=CARTESIAN_POINT('',(5.55111512312578E-16,-0.867673141868932,0.588252678957559));
#3364=CARTESIAN_POINT('',(1.,-0.577350269189626,0.61));
#3365=CARTESIAN_POINT('',(1.78293846881771E-16,-1.15470053837925,0.61));
#3366=CARTESIAN_POINT('',(0.751426983039954,-0.433836570934466,0.588252678957559));
#3367=CARTESIAN_POINT('Origin',(1.,-0.577350269189626,0.61));
#3368=CARTESIAN_POINT('',(1.,0.577350269189626,0.61));
#3369=CARTESIAN_POINT('',(1.,-0.577350269189626,0.61));
#3370=CARTESIAN_POINT('',(0.751426983039954,0.433836570934466,0.588252678957559));
#3371=CARTESIAN_POINT('Origin',(1.,0.577350269189626,0.61));
#3372=CARTESIAN_POINT('',(0.,1.15470053837925,0.61));
#3373=CARTESIAN_POINT('',(1.,0.577350269189626,0.61));
#3374=CARTESIAN_POINT('',(2.08166817117217E-16,0.867673141868932,0.588252678957559));
#3375=CARTESIAN_POINT('Origin',(0.,1.15470053837925,0.61));
#3376=CARTESIAN_POINT('',(-1.,0.577350269189626,0.61));
#3377=CARTESIAN_POINT('',(-6.93889390390723E-17,1.15470053837925,0.61));
#3378=CARTESIAN_POINT('',(-0.751426983039954,0.433836570934466,0.588252678957559));
#3379=CARTESIAN_POINT('Origin',(-1.,0.577350269189626,0.61));
#3380=CARTESIAN_POINT('',(-1.,-0.577350269189625,0.61));
#3381=CARTESIAN_POINT('',(-1.,0.577350269189626,0.61));
#3382=CARTESIAN_POINT('',(-0.751426983039955,-0.433836570934465,0.588252678957559));
#3383=CARTESIAN_POINT('Origin',(-1.,-0.577350269189625,0.61));
#3384=CARTESIAN_POINT('',(-1.,-0.577350269189625,0.61));
#3385=CARTESIAN_POINT('Origin',(1.,-0.577350269189626,1.65));
#3386=CARTESIAN_POINT('',(1.,-0.577350269189626,1.65));
#3387=CARTESIAN_POINT('',(1.38777878078145E-16,-1.15470053837925,1.65));
#3388=CARTESIAN_POINT('',(0.2625,-1.00314609271698,1.64999999999949));
#3389=CARTESIAN_POINT('',(1.,-0.577350269189626,1.65));
#3390=CARTESIAN_POINT('',(1.38777878078145E-16,-1.15470053837925,1.65));
#3391=CARTESIAN_POINT('Origin',(1.,0.577350269189626,1.65));
#3392=CARTESIAN_POINT('',(1.,0.577350269189626,1.65));
#3393=CARTESIAN_POINT('',(1.,0.288675134594813,1.64999999999949));
#3394=CARTESIAN_POINT('',(1.,0.577350269189626,1.65));
#3395=CARTESIAN_POINT('Origin',(-1.38777878078145E-16,1.15470053837925,
1.65));
#3396=CARTESIAN_POINT('',(-6.93889390390723E-17,1.15470053837925,1.65));
#3397=CARTESIAN_POINT('',(-0.2375,1.29182122731179,1.64999999999949));
#3398=CARTESIAN_POINT('',(-6.93889390390723E-17,1.15470053837925,1.65));
#3399=CARTESIAN_POINT('Origin',(-1.,0.577350269189626,1.65));
#3400=CARTESIAN_POINT('',(-1.,0.577350269189626,1.65));
#3401=CARTESIAN_POINT('',(-1.2375,0.44022958025709,1.64999999999949));
#3402=CARTESIAN_POINT('',(-1.,0.577350269189626,1.65));
#3403=CARTESIAN_POINT('Origin',(-1.,-0.577350269189625,1.65));
#3404=CARTESIAN_POINT('',(-1.,-0.577350269189625,1.65));
#3405=CARTESIAN_POINT('',(-1.,-0.288675134594813,1.64999999999949));
#3406=CARTESIAN_POINT('',(-1.,-0.577350269189625,1.65));
#3407=CARTESIAN_POINT('Origin',(1.38777878078145E-16,-1.15470053837925,
1.65));
#3408=CARTESIAN_POINT('',(-0.7375,-0.728904714851902,1.64999999999949));
#3409=CARTESIAN_POINT('Origin',(-4.16333634234434E-15,0.,-16.));
#3410=CARTESIAN_POINT('Origin',(-1.3,0.,1.64999999999949));
#3411=CARTESIAN_POINT('',(-1.3,0.,1.64999999999949));
#3412=CARTESIAN_POINT('Origin',(5.83179105335874E-16,0.,1.64999999999949));
#3413=CARTESIAN_POINT('Origin',(-3.97354358273231E-16,0.,-1.12424242424294));
#3414=CARTESIAN_POINT('Origin',(-3.97354358273231E-16,0.,-1.12424242424294));
#3415=CARTESIAN_POINT('',(0.,0.,0.));
#3416=CARTESIAN_POINT('Origin',(-4.23422563064762E-15,0.,-15.8466375));
#3417=CARTESIAN_POINT('',(1.4635,1.79227059055215E-16,-15.7538502839855));
#3418=CARTESIAN_POINT('Origin',(-4.20867823196217E-15,0.,-15.7538502839855));
#3419=CARTESIAN_POINT('',(1.193275,-1.46134040925256E-16,-16.));
#3420=CARTESIAN_POINT('',(1.3616375,-1.667525005974E-16,-15.8466375));
#3421=CARTESIAN_POINT('Origin',(-4.27645141453451E-15,0.,-16.));
#3422=CARTESIAN_POINT('Origin',(4.6279416171789E-17,0.,-0.300000000000217));
#3423=CARTESIAN_POINT('',(1.7635,-2.15966463029636E-16,-2.17915790531159E-13));
#3424=CARTESIAN_POINT('Origin',(1.28879368350891E-16,0.,-2.17430240478933E-13));
#3425=CARTESIAN_POINT('',(1.4635,1.79227059055215E-16,-0.300000000000217));
#3426=CARTESIAN_POINT('Origin',(1.7635,-2.15966463029636E-16,-0.300000000000217));
#3427=CARTESIAN_POINT('Origin',(4.6279416171789E-17,0.,-0.300000000000217));
#3428=CARTESIAN_POINT('Origin',(-1.5,0.,-2.17010089795198E-13));
#3429=CARTESIAN_POINT('',(-2.85,0.,-5.09176034668712E-13));
#3430=CARTESIAN_POINT('Origin',(1.28879368350811E-16,0.,-5.09960734214414E-13));
#3431=CARTESIAN_POINT('Origin',(-2.07378602309181E-15,0.,-8.00000000000011));
#3432=CARTESIAN_POINT('',(1.4635,-1.79227059055215E-16,-8.00000000000011));
#3433=CARTESIAN_POINT('Origin',(1.38777878078145E-16,-1.15470053837925,
0.61));
#3434=CARTESIAN_POINT('',(1.38777878078145E-16,-1.15470053837925,0.61));
#3435=CARTESIAN_POINT('',(5.55111512312578E-16,-1.52655665885959E-15,0.522511336474076));
#3436=CARTESIAN_POINT('',(5.55111512312578E-16,-0.867673141868932,0.588252678957559));
#3437=CARTESIAN_POINT('',(1.,-0.577350269189626,0.61));
#3438=CARTESIAN_POINT('',(1.78293846881771E-16,-1.15470053837925,0.61));
#3439=CARTESIAN_POINT('',(0.751426983039954,-0.433836570934466,0.588252678957559));
#3440=CARTESIAN_POINT('Origin',(1.,-0.577350269189626,0.61));
#3441=CARTESIAN_POINT('',(1.,0.577350269189626,0.61));
#3442=CARTESIAN_POINT('',(1.,-0.577350269189626,0.61));
#3443=CARTESIAN_POINT('',(0.751426983039954,0.433836570934466,0.588252678957559));
#3444=CARTESIAN_POINT('Origin',(1.,0.577350269189626,0.61));
#3445=CARTESIAN_POINT('',(0.,1.15470053837925,0.61));
#3446=CARTESIAN_POINT('',(1.,0.577350269189626,0.61));
#3447=CARTESIAN_POINT('',(2.08166817117217E-16,0.867673141868932,0.588252678957559));
#3448=CARTESIAN_POINT('Origin',(0.,1.15470053837925,0.61));
#3449=CARTESIAN_POINT('',(-1.,0.577350269189626,0.61));
#3450=CARTESIAN_POINT('',(-6.93889390390723E-17,1.15470053837925,0.61));
#3451=CARTESIAN_POINT('',(-0.751426983039954,0.433836570934466,0.588252678957559));
#3452=CARTESIAN_POINT('Origin',(-1.,0.577350269189626,0.61));
#3453=CARTESIAN_POINT('',(-1.,-0.577350269189625,0.61));
#3454=CARTESIAN_POINT('',(-1.,0.577350269189626,0.61));
#3455=CARTESIAN_POINT('',(-0.751426983039955,-0.433836570934465,0.588252678957559));
#3456=CARTESIAN_POINT('Origin',(-1.,-0.577350269189625,0.61));
#3457=CARTESIAN_POINT('',(-1.,-0.577350269189625,0.61));
#3458=CARTESIAN_POINT('Origin',(1.,-0.577350269189626,1.65));
#3459=CARTESIAN_POINT('',(1.,-0.577350269189626,1.65));
#3460=CARTESIAN_POINT('',(1.38777878078145E-16,-1.15470053837925,1.65));
#3461=CARTESIAN_POINT('',(0.2625,-1.00314609271698,1.64999999999949));
#3462=CARTESIAN_POINT('',(1.,-0.577350269189626,1.65));
#3463=CARTESIAN_POINT('',(1.38777878078145E-16,-1.15470053837925,1.65));
#3464=CARTESIAN_POINT('Origin',(1.,0.577350269189626,1.65));
#3465=CARTESIAN_POINT('',(1.,0.577350269189626,1.65));
#3466=CARTESIAN_POINT('',(1.,0.288675134594813,1.64999999999949));
#3467=CARTESIAN_POINT('',(1.,0.577350269189626,1.65));
#3468=CARTESIAN_POINT('Origin',(-1.38777878078145E-16,1.15470053837925,
1.65));
#3469=CARTESIAN_POINT('',(-6.93889390390723E-17,1.15470053837925,1.65));
#3470=CARTESIAN_POINT('',(-0.2375,1.29182122731179,1.64999999999949));
#3471=CARTESIAN_POINT('',(-6.93889390390723E-17,1.15470053837925,1.65));
#3472=CARTESIAN_POINT('Origin',(-1.,0.577350269189626,1.65));
#3473=CARTESIAN_POINT('',(-1.,0.577350269189626,1.65));
#3474=CARTESIAN_POINT('',(-1.2375,0.44022958025709,1.64999999999949));
#3475=CARTESIAN_POINT('',(-1.,0.577350269189626,1.65));
#3476=CARTESIAN_POINT('Origin',(-1.,-0.577350269189625,1.65));
#3477=CARTESIAN_POINT('',(-1.,-0.577350269189625,1.65));
#3478=CARTESIAN_POINT('',(-1.,-0.288675134594813,1.64999999999949));
#3479=CARTESIAN_POINT('',(-1.,-0.577350269189625,1.65));
#3480=CARTESIAN_POINT('Origin',(1.38777878078145E-16,-1.15470053837925,
1.65));
#3481=CARTESIAN_POINT('',(-0.7375,-0.728904714851902,1.64999999999949));
#3482=CARTESIAN_POINT('Origin',(-4.16333634234434E-15,0.,-16.));
#3483=CARTESIAN_POINT('Origin',(-1.3,0.,1.64999999999949));
#3484=CARTESIAN_POINT('',(-1.3,0.,1.64999999999949));
#3485=CARTESIAN_POINT('Origin',(5.83179105335874E-16,0.,1.64999999999949));
#3486=CARTESIAN_POINT('Origin',(-3.97354358273231E-16,0.,-1.12424242424294));
#3487=CARTESIAN_POINT('Origin',(-3.97354358273231E-16,0.,-1.12424242424294));
#3488=CARTESIAN_POINT('Origin',(29.0821411353379,29.0821411353379,17.1969615506024));
#3489=CARTESIAN_POINT('',(30.5996261336741,50.1182563736392,17.3939231012049));
#3490=CARTESIAN_POINT('',(30.7355637145349,50.5788853796471,17.));
#3491=CARTESIAN_POINT('Ctrl Pts',(30.6014073509962,50.1195606549613,17.3939221465185));
#3492=CARTESIAN_POINT('Ctrl Pts',(30.6314988285136,50.2232129122832,17.3052553854697));
#3493=CARTESIAN_POINT('Ctrl Pts',(30.6618520549072,50.3268002322918,17.2165960318644));
#3494=CARTESIAN_POINT('Ctrl Pts',(30.692465574787,50.4303233428024,17.1279489130649));
#3495=CARTESIAN_POINT('Ctrl Pts',(30.7071952913546,50.480133560053,17.0852962896625));
#3496=CARTESIAN_POINT('Ctrl Pts',(30.7219859015105,50.5299284485914,17.042646488937));
#3497=CARTESIAN_POINT('Ctrl Pts',(30.7368406223613,50.5797054644317,16.9999999999564));
#3498=CARTESIAN_POINT('',(17.8356291624376,47.4766997812299,17.));
#3499=CARTESIAN_POINT('Origin',(29.0821411353379,29.0821411353379,17.));
#3500=CARTESIAN_POINT('',(18.1661365667947,47.1282418027621,17.3939231012049));
#3501=CARTESIAN_POINT('Ctrl Pts',(17.8340628936988,47.4767322186647,16.9999999999432));
#3502=CARTESIAN_POINT('Ctrl Pts',(17.8395807674456,47.4709507259835,17.0065611852793));
#3503=CARTESIAN_POINT('Ctrl Pts',(17.845097578726,47.4651681476335,17.0131225346666));
#3504=CARTESIAN_POINT('Ctrl Pts',(17.8506133312886,47.459384485606,17.0196840484139));
#3505=CARTESIAN_POINT('Ctrl Pts',(17.9253012401781,47.3810688581991,17.1085324395234));
#3506=CARTESIAN_POINT('Ctrl Pts',(17.9997826974653,47.3025619167268,17.1973982833392));
#3507=CARTESIAN_POINT('Ctrl Pts',(18.0740659507669,47.2238835325156,17.2862762159588));
#3508=CARTESIAN_POINT('Ctrl Pts',(18.1040541703344,47.1921209944457,17.3221563213613));
#3509=CARTESIAN_POINT('Ctrl Pts',(18.1340098420087,47.16032998268,17.3580383903573));
#3510=CARTESIAN_POINT('Ctrl Pts',(18.1639324459979,47.1285096286613,17.3939220410651));
#3511=CARTESIAN_POINT('Origin',(29.0821411353379,29.0821411353379,17.3939231012049));
#3512=CARTESIAN_POINT('Origin',(18.9554883466047,71.374645167184,17.));
#3513=CARTESIAN_POINT('',(28.8733947532549,53.5508152385541,17.));
#3514=CARTESIAN_POINT('Ctrl Pts',(28.8733947532549,53.5508152385541,17.));
#3515=CARTESIAN_POINT('Ctrl Pts',(29.0841416661133,52.6875082568272,17.));
#3516=CARTESIAN_POINT('Ctrl Pts',(29.6454443065917,51.6001303082035,17.));
#3517=CARTESIAN_POINT('Ctrl Pts',(30.5026214956648,50.7715977409039,17.));
#3518=CARTESIAN_POINT('Ctrl Pts',(30.7368406218091,50.5797054648207,17.));
#3519=CARTESIAN_POINT('',(28.8549761373069,53.6262655477709,17.));
#3520=CARTESIAN_POINT('Ctrl Pts',(28.8549761373069,53.6262655477709,17.));
#3521=CARTESIAN_POINT('Ctrl Pts',(28.8611156759562,53.6011154446986,17.));
#3522=CARTESIAN_POINT('Ctrl Pts',(28.8672552146056,53.5759653416264,17.));
#3523=CARTESIAN_POINT('Ctrl Pts',(28.8733947532549,53.5508152385541,17.));
#3524=CARTESIAN_POINT('',(25.0832313098657,69.076900618332,17.));
#3525=CARTESIAN_POINT('',(29.3658095926601,51.533679314717,17.));
#3526=CARTESIAN_POINT('',(24.8613026070262,69.5832550926086,17.));
#3527=CARTESIAN_POINT('Origin',(23.5288751611,68.6974576545098,17.));
#3528=CARTESIAN_POINT('',(20.4312083368555,77.8575235683092,17.));
#3529=CARTESIAN_POINT('Origin',(66.0000000000005,96.9322509939081,17.));
#3530=CARTESIAN_POINT('',(20.4064610760731,77.9137340407735,17.));
#3531=CARTESIAN_POINT('Ctrl Pts',(20.4064610760731,77.9137340407735,17.));
#3532=CARTESIAN_POINT('Ctrl Pts',(20.4150463397786,77.8951625618443,17.));
#3533=CARTESIAN_POINT('Ctrl Pts',(20.4232973538106,77.8764226031516,17.));
#3534=CARTESIAN_POINT('Ctrl Pts',(20.4312083368555,77.8575235683092,17.));
#3535=CARTESIAN_POINT('',(19.6038812418147,78.7222122562049,17.));
#3536=CARTESIAN_POINT('Ctrl Pts',(19.6038812418147,78.7222122562049,17.));
#3537=CARTESIAN_POINT('Ctrl Pts',(19.9546558689964,78.5586433612636,17.));
#3538=CARTESIAN_POINT('Ctrl Pts',(20.2431744124268,78.2669526415466,17.));
#3539=CARTESIAN_POINT('Ctrl Pts',(20.4064610760731,77.9137340407735,17.));
#3540=CARTESIAN_POINT('',(19.5513903612091,78.7466891558146,17.));
#3541=CARTESIAN_POINT('Ctrl Pts',(19.5513903612091,78.7466891558146,17.));
#3542=CARTESIAN_POINT('Ctrl Pts',(19.5688873214109,78.738530189278,17.));
#3543=CARTESIAN_POINT('Ctrl Pts',(19.5863842816128,78.7303712227415,17.));
#3544=CARTESIAN_POINT('Ctrl Pts',(19.6038812418147,78.7222122562049,17.));
#3545=CARTESIAN_POINT('',(5.66877472005447,85.2202591445074,17.));
#3546=CARTESIAN_POINT('',(-30.7223714353922,102.18972928583,17.));
#3547=CARTESIAN_POINT('',(5.65133952392558,85.2282615978957,17.));
#3548=CARTESIAN_POINT('Ctrl Pts',(5.65133952392557,85.2282615978957,17.));
#3549=CARTESIAN_POINT('Ctrl Pts',(5.65716678602111,85.2256294392542,17.));
#3550=CARTESIAN_POINT('Ctrl Pts',(5.66297865648044,85.2229618933391,17.));
#3551=CARTESIAN_POINT('Ctrl Pts',(5.66877472005447,85.2202591445074,17.));
#3552=CARTESIAN_POINT('',(3.72334808785545,84.7245933846688,17.));
#3553=CARTESIAN_POINT('Ctrl Pts',(3.72391222864669,84.7241717874093,17.));
#3554=CARTESIAN_POINT('Ctrl Pts',(3.86592521165121,84.9141231493952,17.));
#3555=CARTESIAN_POINT('Ctrl Pts',(4.42430892145183,85.3993441302414,17.));
#3556=CARTESIAN_POINT('Ctrl Pts',(5.21098318125809,85.4271693754568,17.));
#3557=CARTESIAN_POINT('Ctrl Pts',(5.65133952392558,85.2282615978957,17.));
#3558=CARTESIAN_POINT('',(9.19043347098861,82.1752496024635,17.));
#3559=CARTESIAN_POINT('',(12.2586539297787,80.7445149058849,17.));
#3560=CARTESIAN_POINT('',(11.3923128606842,79.4719005339799,17.));
#3561=CARTESIAN_POINT('Origin',(7.5,78.55,17.));
#3562=CARTESIAN_POINT('',(18.1250506165421,51.0459252917206,17.));
#3563=CARTESIAN_POINT('',(12.5011732879758,74.7902331059134,17.));
#3564=CARTESIAN_POINT('',(18.1429506789789,50.9703502804676,17.));
#3565=CARTESIAN_POINT('Ctrl Pts',(18.1429506789789,50.9703502804676,17.));
#3566=CARTESIAN_POINT('Ctrl Pts',(18.1369839915,50.9955419508853,17.));
#3567=CARTESIAN_POINT('Ctrl Pts',(18.1310173040211,51.0207336213029,17.));
#3568=CARTESIAN_POINT('Ctrl Pts',(18.1250506165421,51.0459252917206,17.));
#3569=CARTESIAN_POINT('Ctrl Pts',(17.8340628941087,47.4767322194426,17.));
#3570=CARTESIAN_POINT('Ctrl Pts',(17.9553288049986,47.7539686406854,17.));
#3571=CARTESIAN_POINT('Ctrl Pts',(18.3419500035152,48.8814257827469,17.));
#3572=CARTESIAN_POINT('Ctrl Pts',(18.3477676825145,50.1056020483489,17.));
#3573=CARTESIAN_POINT('Ctrl Pts',(18.1429506789789,50.9703502804676,17.));
#3574=CARTESIAN_POINT('Origin',(78.55,7.5,-15.8));
#3575=CARTESIAN_POINT('',(76.55,7.5,-16.));
#3576=CARTESIAN_POINT('Origin',(78.55,7.5,-16.));
#3577=CARTESIAN_POINT('',(76.95,7.5,-15.6));
#3578=CARTESIAN_POINT('',(76.75,7.5,-15.8));
#3579=CARTESIAN_POINT('Origin',(78.55,7.5,-15.6));
#3580=CARTESIAN_POINT('Origin',(43.025,43.025,-16.));
#3581=CARTESIAN_POINT('',(82.65,6.,-16.));
#3582=CARTESIAN_POINT('',(82.65,11.8343145750508,-16.));
#3583=CARTESIAN_POINT('',(82.65,27.5125,-16.));
#3584=CARTESIAN_POINT('',(80.05,3.39999999999999,-16.));
#3585=CARTESIAN_POINT('Origin',(80.05,6.,-16.));
#3586=CARTESIAN_POINT('',(6.00000000000001,3.4,-16.));
#3587=CARTESIAN_POINT('',(63.0375,3.4,-16.));
#3588=CARTESIAN_POINT('',(3.4,6.,-16.));
#3589=CARTESIAN_POINT('Origin',(6.,6.,-16.));
#3590=CARTESIAN_POINT('',(3.4,112.05,-16.));
#3591=CARTESIAN_POINT('',(3.4,23.0125,-16.));
#3592=CARTESIAN_POINT('',(6.00000000000004,114.65,-16.));
#3593=CARTESIAN_POINT('Origin',(6.,112.05,-16.));
#3594=CARTESIAN_POINT('',(15.0000000000009,114.65,-16.));
#3595=CARTESIAN_POINT('',(23.0125000000012,114.65,-16.));
#3596=CARTESIAN_POINT('',(17.6000000000008,112.05,-16.));
#3597=CARTESIAN_POINT('Origin',(15.0000000000008,112.05,-16.));
#3598=CARTESIAN_POINT('',(17.6000000000005,96.9322509939091,-16.));
#3599=CARTESIAN_POINT('',(17.6000000000001,79.0375000000001,-16.));
#3600=CARTESIAN_POINT('',(31.7760317905716,62.7082827844792,-16.));
#3601=CARTESIAN_POINT('Origin',(66.0000000000005,96.9322509939081,-16.));
#3602=CARTESIAN_POINT('',(29.4796572875254,65.0046572875254,-16.));
#3603=CARTESIAN_POINT('',(5.5,78.55,-16.));
#3604=CARTESIAN_POINT('Origin',(7.5,78.55,-16.));
#3605=CARTESIAN_POINT('',(5.5,7.5,-16.));
#3606=CARTESIAN_POINT('Origin',(7.5,7.5,-16.));
#3607=CARTESIAN_POINT('Origin',(78.55,7.5,-8.8));
#3608=CARTESIAN_POINT('',(76.95,7.5,-3.5));
#3609=CARTESIAN_POINT('Origin',(78.55,7.5,-3.5));
#3610=CARTESIAN_POINT('',(76.95,7.5,-8.8));
#3611=CARTESIAN_POINT('Origin',(7.5,78.55,-15.8));
#3612=CARTESIAN_POINT('',(5.9,78.55,-15.6));
#3613=CARTESIAN_POINT('',(5.7,78.55,-15.8));
#3614=CARTESIAN_POINT('Origin',(7.5,78.55,-15.6));
#3615=CARTESIAN_POINT('Origin',(7.5,78.55,-8.8));
#3616=CARTESIAN_POINT('',(5.9,78.55,-3.5));
#3617=CARTESIAN_POINT('Origin',(7.5,78.55,-3.5));
#3618=CARTESIAN_POINT('',(5.9,78.55,-8.8));
#3619=CARTESIAN_POINT('Origin',(7.5,7.5,-15.8));
#3620=CARTESIAN_POINT('',(5.9,7.5,-15.6));
#3621=CARTESIAN_POINT('',(5.7,7.5,-15.8));
#3622=CARTESIAN_POINT('Origin',(7.5,7.5,-15.6));
#3623=CARTESIAN_POINT('Origin',(7.5,7.5,-8.8));
#3624=CARTESIAN_POINT('',(5.9,7.5,-3.5));
#3625=CARTESIAN_POINT('Origin',(7.5,7.5,-3.5));
#3626=CARTESIAN_POINT('',(5.9,7.5,-8.8));
#3627=CARTESIAN_POINT('Origin',(82.85,27.5125,-15.8));
#3628=CARTESIAN_POINT('',(83.05,12.,-15.6));
#3629=CARTESIAN_POINT('',(83.05,6.,-15.6));
#3630=CARTESIAN_POINT('',(83.05,27.5125,-15.6));
#3631=CARTESIAN_POINT('',(83.05,6.,-15.6));
#3632=CARTESIAN_POINT('',(82.65,11.8343145750508,-16.));
#3633=CARTESIAN_POINT('Origin',(80.05,6.,-15.8));
#3634=CARTESIAN_POINT('',(80.05,3.,-15.6));
#3635=CARTESIAN_POINT('Origin',(80.05,6.,-15.6));
#3636=CARTESIAN_POINT('',(80.05,3.,-15.6));
#3637=CARTESIAN_POINT('Origin',(63.0375,3.2,-15.8));
#3638=CARTESIAN_POINT('',(6.,3.,-15.6));
#3639=CARTESIAN_POINT('',(6.,3.,-15.6));
#3640=CARTESIAN_POINT('',(63.0375,3.,-15.6));
#3641=CARTESIAN_POINT('Origin',(6.,6.,-15.8));
#3642=CARTESIAN_POINT('',(3.,6.,-15.6));
#3643=CARTESIAN_POINT('Origin',(6.,6.,-15.6));
#3644=CARTESIAN_POINT('',(3.,6.,-15.6));
#3645=CARTESIAN_POINT('Origin',(3.2,23.0125,-15.8));
#3646=CARTESIAN_POINT('',(3.,112.05,-15.6));
#3647=CARTESIAN_POINT('',(3.,112.05,-15.6));
#3648=CARTESIAN_POINT('',(3.,23.0125,-15.6));
#3649=CARTESIAN_POINT('Origin',(6.,112.05,-15.8));
#3650=CARTESIAN_POINT('',(6.00000000000005,115.05,-15.6));
#3651=CARTESIAN_POINT('Origin',(6.,112.05,-15.6));
#3652=CARTESIAN_POINT('',(6.00000000000005,115.05,-15.6));
#3653=CARTESIAN_POINT('Origin',(23.0125000000012,114.85,-15.8));
#3654=CARTESIAN_POINT('',(15.0000000000009,115.05,-15.6));
#3655=CARTESIAN_POINT('',(23.0125000000012,115.05,-15.6));
#3656=CARTESIAN_POINT('',(15.0000000000009,115.05,-15.6));
#3657=CARTESIAN_POINT('Origin',(15.0000000000008,112.05,-15.8));
#3658=CARTESIAN_POINT('',(18.0000000000008,112.05,-15.6));
#3659=CARTESIAN_POINT('Origin',(15.0000000000008,112.05,-15.6));
#3660=CARTESIAN_POINT('',(18.0000000000008,112.05,-15.6));
#3661=CARTESIAN_POINT('Origin',(17.8000000000001,79.0375000000001,-15.8));
#3662=CARTESIAN_POINT('',(18.0000000000005,96.9322509939091,-15.6));
#3663=CARTESIAN_POINT('',(18.0000000000001,79.0375000000001,-15.6));
#3664=CARTESIAN_POINT('',(18.0000000000005,96.9322509939091,-15.6));
#3665=CARTESIAN_POINT('Origin',(66.0000000000005,96.9322509939081,-15.8));
#3666=CARTESIAN_POINT('',(32.0588745030462,62.9911254969538,-15.6));
#3667=CARTESIAN_POINT('Origin',(66.0000000000005,96.9322509939081,-15.6));
#3668=CARTESIAN_POINT('',(32.0588745030462,62.9911254969538,-15.6));
#3669=CARTESIAN_POINT('Origin',(29.6210786437627,65.1460786437627,-15.8));
#3670=CARTESIAN_POINT('',(29.7625,65.2875,-15.6));
#3671=CARTESIAN_POINT('Origin',(6.,112.05,0.));
#3672=CARTESIAN_POINT('',(3.,112.05,16.6));
#3673=CARTESIAN_POINT('',(3.,112.05,0.));
#3674=CARTESIAN_POINT('',(6.00000000000005,115.05,16.6));
#3675=CARTESIAN_POINT('Origin',(6.,112.05,16.6));
#3676=CARTESIAN_POINT('',(6.00000000000005,115.05,0.));
#3677=CARTESIAN_POINT('Origin',(3.,3.00000000000001,0.));
#3678=CARTESIAN_POINT('',(3.,6.,0.));
#3679=CARTESIAN_POINT('',(3.,6.,0.));
#3680=CARTESIAN_POINT('',(3.00000000000001,84.6205449699626,0.));
#3681=CARTESIAN_POINT('',(3.,83.05,0.));
#3682=CARTESIAN_POINT('',(3.00000000000001,84.6205449699626,11.0634693201162));
#3683=CARTESIAN_POINT('',(3.00000000000001,84.6205449699626,0.));
#3684=CARTESIAN_POINT('',(3.,85.9734650856342,1.86725404957825));
#3685=CARTESIAN_POINT('',(3.,84.5749130328915,11.3736436694047));
#3686=CARTESIAN_POINT('',(3.,85.9734650856342,0.));
#3687=CARTESIAN_POINT('',(3.,85.9734650856342,0.));
#3688=CARTESIAN_POINT('',(3.,107.378996713506,0.));
#3689=CARTESIAN_POINT('',(3.,83.05,0.));
#3690=CARTESIAN_POINT('',(3.,107.378996713506,1.86725404957876));
#3691=CARTESIAN_POINT('',(3.,107.378996713506,0.));
#3692=CARTESIAN_POINT('',(3.,109.546435060207,16.6000008980359));
#3693=CARTESIAN_POINT('',(3.,106.524243875125,-3.94276460104774));
#3694=CARTESIAN_POINT('',(3.,109.605281744835,16.6));
#3695=CARTESIAN_POINT('Ctrl Pts',(3.,109.605281744835,16.6));
#3696=CARTESIAN_POINT('Ctrl Pts',(3.,109.585671545358,16.6));
#3697=CARTESIAN_POINT('Ctrl Pts',(3.,109.566061349561,16.5999997005105));
#3698=CARTESIAN_POINT('Ctrl Pts',(3.,109.546435060207,16.6000008972298));
#3699=CARTESIAN_POINT('',(3.,37.187322583592,16.6));
#3700=CARTESIAN_POINT('Origin',(6.,6.,0.));
#3701=CARTESIAN_POINT('',(6.,3.,0.));
#3702=CARTESIAN_POINT('',(6.,3.,0.));
#3703=CARTESIAN_POINT('Origin',(6.,6.,0.));
#3704=CARTESIAN_POINT('Origin',(83.05,3.,0.));
#3705=CARTESIAN_POINT('',(80.05,3.,0.));
#3706=CARTESIAN_POINT('',(80.05,3.,0.));
#3707=CARTESIAN_POINT('',(3.,3.,0.));
#3708=CARTESIAN_POINT('Origin',(80.05,6.,0.));
#3709=CARTESIAN_POINT('',(83.05,6.,0.));
#3710=CARTESIAN_POINT('',(83.05,6.,0.));
#3711=CARTESIAN_POINT('Origin',(80.05,6.,0.));
#3712=CARTESIAN_POINT('Origin',(83.05,12.,0.));
#3713=CARTESIAN_POINT('',(83.05,12.,0.));
#3714=CARTESIAN_POINT('',(83.05,12.,0.));
#3715=CARTESIAN_POINT('',(83.05,4.93038065763132E-31,0.));
#3716=CARTESIAN_POINT('Ctrl Pts',(15.9544232872392,45.76635971915,16.6060618900668));
#3717=CARTESIAN_POINT('Ctrl Pts',(16.8059976747609,46.4366818372958,16.6048403817477));
#3718=CARTESIAN_POINT('Ctrl Pts',(17.8901661551984,48.1037726125856,16.6015051856251));
#3719=CARTESIAN_POINT('Ctrl Pts',(17.9312715273492,50.0724150987997,16.6000181433464));
#3720=CARTESIAN_POINT('Ctrl Pts',(17.7531534915625,50.8780261924291,16.600000193999));
#3721=CARTESIAN_POINT('Ctrl Pts',(16.1487721159599,45.5226849692016,16.8676549878877));
#3722=CARTESIAN_POINT('Ctrl Pts',(17.0515006616826,46.2396978461822,16.8672446175041));
#3723=CARTESIAN_POINT('Ctrl Pts',(18.1873159121396,48.0192886016027,16.8661241456328));
#3724=CARTESIAN_POINT('Ctrl Pts',(18.2078442089785,50.094452765938,16.8656245681016));
#3725=CARTESIAN_POINT('Ctrl Pts',(18.0119968255965,50.9393336505919,16.8656185379498));
#3726=CARTESIAN_POINT('Ctrl Pts',(16.3431209446805,45.2790102192533,17.1292480857087));
#3727=CARTESIAN_POINT('Ctrl Pts',(17.2970036486043,46.0427138550686,17.1296488532606));
#3728=CARTESIAN_POINT('Ctrl Pts',(18.4844656690808,47.9348045906198,17.1307431056404));
#3729=CARTESIAN_POINT('Ctrl Pts',(18.4844168906078,50.1164904330763,17.1312309928568));
#3730=CARTESIAN_POINT('Ctrl Pts',(18.2708401596304,51.0006411087548,17.1312368819007));
#3731=CARTESIAN_POINT('Ctrl Pts',(16.5374697734012,45.0353354693049,17.3908411835297));
#3732=CARTESIAN_POINT('Ctrl Pts',(17.542506635526,45.845729863955,17.3920530890171));
#3733=CARTESIAN_POINT('Ctrl Pts',(18.781615426022,47.8503205796369,17.3953620656481));
#3734=CARTESIAN_POINT('Ctrl Pts',(18.760989572237,50.1385281002146,17.3968374176121));
#3735=CARTESIAN_POINT('Ctrl Pts',(18.5296834936643,51.0619485669176,17.3968552258515));
#3736=CARTESIAN_POINT('',(15.954423454992,45.7663595100736,16.6060621150349));
#3737=CARTESIAN_POINT('',(17.4629949407587,46.7669106130364,17.));
#3738=CARTESIAN_POINT('Ctrl Pts',(17.462994937367,46.7669106094866,17.));
#3739=CARTESIAN_POINT('Ctrl Pts',(17.3121240140821,46.6831853045364,16.9270115819541));
#3740=CARTESIAN_POINT('Ctrl Pts',(17.1602107850282,46.5946349960818,16.8617464446895));
#3741=CARTESIAN_POINT('Ctrl Pts',(16.7690044837191,46.3539202195437,16.7197512861298));
#3742=CARTESIAN_POINT('Ctrl Pts',(16.5319296630682,46.1960185741643,16.6585302548041));
#3743=CARTESIAN_POINT('Ctrl Pts',(16.2329514504688,45.9788861760629,16.620014759563));
#3744=CARTESIAN_POINT('Ctrl Pts',(16.1706030974838,45.9325971002847,16.6141427037422));
#3745=CARTESIAN_POINT('Ctrl Pts',(16.0766014165385,45.8612494925715,16.6086247724962));
#3746=CARTESIAN_POINT('Ctrl Pts',(16.0447402051122,45.836791781273,16.6073428190872));
#3747=CARTESIAN_POINT('Ctrl Pts',(15.9934191656843,45.7969494122649,16.606231724538));
#3748=CARTESIAN_POINT('Ctrl Pts',(15.973896362803,45.7816877316752,16.6060341828843));
#3749=CARTESIAN_POINT('Ctrl Pts',(15.954423454992,45.7663595100736,16.6060621150349));
#3750=CARTESIAN_POINT('Ctrl Pts',(18.1661365667947,47.1282418027621,17.3939231012049));
#3751=CARTESIAN_POINT('Ctrl Pts',(17.9123363739548,47.0076077476121,17.2343291230502));
#3752=CARTESIAN_POINT('Ctrl Pts',(17.68518038165,46.8898090784346,17.1082679744591));
#3753=CARTESIAN_POINT('Ctrl Pts',(17.4730697793512,46.7724968732536,17.0048831862263));
#3754=CARTESIAN_POINT('Ctrl Pts',(17.4680328247599,46.769706367932,17.0024372319313));
#3755=CARTESIAN_POINT('Ctrl Pts',(17.4629949408441,46.7669106114162,17.0000000016821));
#3756=CARTESIAN_POINT('',(17.7531537141668,50.8780262451533,16.6000004224297));
#3757=CARTESIAN_POINT('',(18.1429506789789,50.9703502804676,17.));
#3758=CARTESIAN_POINT('Ctrl Pts',(17.7531537141668,50.8780262451533,16.6000004224297));
#3759=CARTESIAN_POINT('Ctrl Pts',(17.9312717652007,50.072415117752,16.6000183717669));
#3760=CARTESIAN_POINT('Ctrl Pts',(17.890166410746,48.1037725399296,16.6015054131964));
#3761=CARTESIAN_POINT('Ctrl Pts',(16.8059978858925,46.4366816678903,16.6048406074143));
#3762=CARTESIAN_POINT('Ctrl Pts',(15.9544234543784,45.7663595095907,16.6060621150358));
#3763=CARTESIAN_POINT('Ctrl Pts',(3.14231763003373,84.5548671843305,16.6006217390365));
#3764=CARTESIAN_POINT('Ctrl Pts',(3.31196367010423,84.9846713997798,16.6013053103006));
#3765=CARTESIAN_POINT('Ctrl Pts',(4.06918305678746,85.8579523158593,16.6042179537291));
#3766=CARTESIAN_POINT('Ctrl Pts',(5.27498612535753,85.9034198754861,16.6045127387704));
#3767=CARTESIAN_POINT('Ctrl Pts',(5.83782203656758,85.6411099955067,16.6035283512619));
#3768=CARTESIAN_POINT('Ctrl Pts',(3.27183628184447,84.4997348632975,16.7337478260243));
#3769=CARTESIAN_POINT('Ctrl Pts',(3.43284852808432,84.8988342247504,16.7342035402004));
#3770=CARTESIAN_POINT('Ctrl Pts',(4.14094424562558,85.7034341457892,16.7361453024861));
#3771=CARTESIAN_POINT('Ctrl Pts',(5.25365181065772,85.7446697088097,16.736341825847));
#3772=CARTESIAN_POINT('Ctrl Pts',(5.77566119902024,85.5034938629697,16.735685567508));
#3773=CARTESIAN_POINT('Ctrl Pts',(3.40135493365521,84.4446025422645,16.8668739130122));
#3774=CARTESIAN_POINT('Ctrl Pts',(3.55373338606441,84.8129970497211,16.8671017701002));
#3775=CARTESIAN_POINT('Ctrl Pts',(4.21270543446369,85.5489159757191,16.868072651243));
#3776=CARTESIAN_POINT('Ctrl Pts',(5.2323174959579,85.5859195421333,16.8681709129235));
#3777=CARTESIAN_POINT('Ctrl Pts',(5.71350036147291,85.3658777304327,16.867842783754));
#3778=CARTESIAN_POINT('Ctrl Pts',(3.53087358546595,84.3894702212316,17.));
#3779=CARTESIAN_POINT('Ctrl Pts',(3.67461824404449,84.7271598746918,17.));
#3780=CARTESIAN_POINT('Ctrl Pts',(4.28446662330182,85.3943978056489,17.));
#3781=CARTESIAN_POINT('Ctrl Pts',(5.21098318125809,85.4271693754568,17.));
#3782=CARTESIAN_POINT('Ctrl Pts',(5.65133952392558,85.2282615978957,17.));
#3783=CARTESIAN_POINT('',(5.83782203652531,85.6411099954131,16.6035283520321));
#3784=CARTESIAN_POINT('',(5.65133952392558,85.2282615978957,17.));
#3785=CARTESIAN_POINT('',(3.1423176312653,84.5548671877489,16.600621740858));
#3786=CARTESIAN_POINT('Ctrl Pts',(5.83782203656758,85.6411099955067,16.6035283512619));
#3787=CARTESIAN_POINT('Ctrl Pts',(5.27498612535753,85.9034198754861,16.6045127387704));
#3788=CARTESIAN_POINT('Ctrl Pts',(4.06918305814237,85.8579523159104,16.6042179537295));
#3789=CARTESIAN_POINT('Ctrl Pts',(3.31196367180595,84.9846714017423,16.6013053103071));
#3790=CARTESIAN_POINT('Ctrl Pts',(3.1423176313681,84.5548671877112,16.6006217390419));
#3791=CARTESIAN_POINT('Ctrl Pts',(3.14231763158329,84.5548671882564,16.6006217390427));
#3792=CARTESIAN_POINT('Ctrl Pts',(3.19740180734132,84.5750114660578,16.6421582334853));
#3793=CARTESIAN_POINT('Ctrl Pts',(3.25332946534247,84.5943297602712,16.6832908358198));
#3794=CARTESIAN_POINT('Ctrl Pts',(3.30998563737628,84.6126709070642,16.723830990664));
#3795=CARTESIAN_POINT('Ctrl Pts',(3.34593628940282,84.6243091127963,16.7495553724496));
#3796=CARTESIAN_POINT('Ctrl Pts',(3.38217993653498,84.6355527395422,16.7750411934629));
#3797=CARTESIAN_POINT('Ctrl Pts',(3.41868215329009,84.6463536446029,16.8002401747711));
#3798=CARTESIAN_POINT('Ctrl Pts',(3.47211911466667,84.6621654937965,16.8371299066999));
#3799=CARTESIAN_POINT('Ctrl Pts',(3.52632874356852,84.6770913772985,16.8735574678915));
#3800=CARTESIAN_POINT('Ctrl Pts',(3.58120317806163,84.6909893442268,16.9093289742723));
#3801=CARTESIAN_POINT('Ctrl Pts',(3.62837367851562,84.7029361471662,16.940078445744));
#3802=CARTESIAN_POINT('Ctrl Pts',(3.6760353423049,84.714121909694,16.9703431105108));
#3803=CARTESIAN_POINT('Ctrl Pts',(3.72410495808172,84.7244295227851,16.9999999999675));
#3804=CARTESIAN_POINT('Origin',(12.3065576449416,74.7441380792144,16.8));
#3805=CARTESIAN_POINT('',(17.7358193304737,50.9537352383226,16.5999999948109));
#3806=CARTESIAN_POINT('',(17.7358193304737,50.9537352383226,16.5999999948109));
#3807=CARTESIAN_POINT('',(11.0030815746158,79.3797104805819,16.6));
#3808=CARTESIAN_POINT('',(11.3923128606842,79.4719005339799,17.));
#3809=CARTESIAN_POINT('',(12.1119420019074,74.6980430525154,16.6));
#3810=CARTESIAN_POINT('Origin',(7.5,78.55,16.8));
#3811=CARTESIAN_POINT('',(9.02139012388975,81.8127246422172,16.6));
#3812=CARTESIAN_POINT('',(9.19043347098861,82.1752496024635,17.));
#3813=CARTESIAN_POINT('Origin',(7.5,78.55,16.6));
#3814=CARTESIAN_POINT('Origin',(12.1741302774305,80.5632533484776,16.8));
#3815=CARTESIAN_POINT('',(3.1420586176859,84.5543019486288,16.6));
#3816=CARTESIAN_POINT('',(12.0896066250824,80.3819917910702,16.6));
#3817=CARTESIAN_POINT('Origin',(5.,83.7921330857094,16.694440381909));
#3818=CARTESIAN_POINT('Origin',(-30.6266768227141,102.394947044974,16.8017544198635));
#3819=CARTESIAN_POINT('',(19.7427795865654,79.1571246741021,16.603508839727));
#3820=CARTESIAN_POINT('',(19.5513903612091,78.7466891558146,17.));
#3821=CARTESIAN_POINT('',(5.86016394541078,85.6306946627949,16.6035088397269));
#3822=CARTESIAN_POINT('',(-30.5309822100359,102.600164804118,16.6035088397269));
#3823=CARTESIAN_POINT('',(5.86016394541078,85.6306946627949,16.6035088397269));
#3824=CARTESIAN_POINT('Ctrl Pts',(5.83782203656758,85.6411099955067,16.6035283512619));
#3825=CARTESIAN_POINT('Ctrl Pts',(5.84527007821749,85.6376388330604,16.6035153248096));
#3826=CARTESIAN_POINT('Ctrl Pts',(5.85271702572061,85.6341672184761,16.6035088397269));
#3827=CARTESIAN_POINT('Ctrl Pts',(5.86016394541078,85.6306946627949,16.6035088397269));
#3828=CARTESIAN_POINT('Ctrl Pts',(5.77566119902025,85.5034938629697,16.735685567508));
#3829=CARTESIAN_POINT('Ctrl Pts',(5.7825689808187,85.5003023684583,16.7356768832064));
#3830=CARTESIAN_POINT('Ctrl Pts',(5.78947090264055,85.4970987767638,16.735672559818));
#3831=CARTESIAN_POINT('Ctrl Pts',(5.79636753695868,85.4938828233657,16.735672559818));
#3832=CARTESIAN_POINT('Ctrl Pts',(5.71350036147291,85.3658777304327,16.867842783754));
#3833=CARTESIAN_POINT('Ctrl Pts',(5.7198678834199,85.3629659038563,16.8678384416032));
#3834=CARTESIAN_POINT('Ctrl Pts',(5.7262247795605,85.3600303350514,16.867836279909));
#3835=CARTESIAN_POINT('Ctrl Pts',(5.73257112850658,85.3570709839366,16.867836279909));
#3836=CARTESIAN_POINT('Ctrl Pts',(5.65133952392557,85.2282615978957,17.));
#3837=CARTESIAN_POINT('Ctrl Pts',(5.65716678602111,85.2256294392542,17.));
#3838=CARTESIAN_POINT('Ctrl Pts',(5.66297865648044,85.2229618933391,17.));
#3839=CARTESIAN_POINT('Ctrl Pts',(5.66877472005447,85.2202591445074,17.));
#3840=CARTESIAN_POINT('Ctrl Pts',(5.86016394541078,85.6306946627949,16.6035088397269));
#3841=CARTESIAN_POINT('Ctrl Pts',(5.85271702572061,85.6341672184761,16.6035088397269));
#3842=CARTESIAN_POINT('Ctrl Pts',(5.84527007821749,85.6376388330604,16.6035153248096));
#3843=CARTESIAN_POINT('Ctrl Pts',(5.83782203656758,85.6411099955067,16.6035283512619));
#3844=CARTESIAN_POINT('Ctrl Pts',(19.7949262433048,79.1319095840291,16.6034010905679));
#3845=CARTESIAN_POINT('Ctrl Pts',(20.2374493811693,78.9101980374605,16.6015741114808));
#3846=CARTESIAN_POINT('Ctrl Pts',(20.585221990595,78.5276103178238,16.6000694018321));
#3847=CARTESIAN_POINT('Ctrl Pts',(20.7708594064095,78.0821888941382,16.6000026330042));
#3848=CARTESIAN_POINT('Ctrl Pts',(19.7312445761414,78.9953438080877,16.7356007270453));
#3849=CARTESIAN_POINT('Ctrl Pts',(20.1431848771117,78.7930131453949,16.7343827409872));
#3850=CARTESIAN_POINT('Ctrl Pts',(20.4712061312056,78.4407244257314,16.7333796012214));
#3851=CARTESIAN_POINT('Ctrl Pts',(20.6493932962974,78.0260372763499,16.7333350886695));
#3852=CARTESIAN_POINT('Ctrl Pts',(19.6675629089781,78.8587780321463,16.8678003635226));
#3853=CARTESIAN_POINT('Ctrl Pts',(20.048920373054,78.6758282533292,16.8671913704936));
#3854=CARTESIAN_POINT('Ctrl Pts',(20.3571902718162,78.353838533639,16.8666898006107));
#3855=CARTESIAN_POINT('Ctrl Pts',(20.5279271861852,77.9698856585617,16.8666675443347));
#3856=CARTESIAN_POINT('Ctrl Pts',(19.6038812418147,78.7222122562049,17.));
#3857=CARTESIAN_POINT('Ctrl Pts',(19.9546558689964,78.5586433612636,17.));
#3858=CARTESIAN_POINT('Ctrl Pts',(20.2431744124268,78.2669526415466,17.));
#3859=CARTESIAN_POINT('Ctrl Pts',(20.4064610760731,77.9137340407735,17.));
#3860=CARTESIAN_POINT('',(20.7708593878158,78.0821888863886,16.6000026348768));
#3861=CARTESIAN_POINT('',(20.4064610760731,77.9137340407735,17.));
#3862=CARTESIAN_POINT('',(19.7949262433048,79.1319095840291,16.6034010905679));
#3863=CARTESIAN_POINT('Ctrl Pts',(20.7708594064095,78.0821888941382,16.6000026330042));
#3864=CARTESIAN_POINT('Ctrl Pts',(20.585221990595,78.5276103178238,16.6000694018321));
#3865=CARTESIAN_POINT('Ctrl Pts',(20.2374493811693,78.9101980374605,16.6015741114808));
#3866=CARTESIAN_POINT('Ctrl Pts',(19.7949262433048,79.1319095840291,16.6034010905679));
#3867=CARTESIAN_POINT('',(19.7949262433048,79.1319095840291,16.6034010905679));
#3868=CARTESIAN_POINT('Ctrl Pts',(19.7427795865653,79.1571246741022,16.6035088397269));
#3869=CARTESIAN_POINT('Ctrl Pts',(19.7602765467672,79.1489657075656,16.6035088397269));
#3870=CARTESIAN_POINT('Ctrl Pts',(19.7776588426618,79.1405608426283,16.6034723799021));
#3871=CARTESIAN_POINT('Ctrl Pts',(19.7949262433048,79.1319095840291,16.6034010905679));
#3872=CARTESIAN_POINT('Ctrl Pts',(19.6789831781132,79.020312834673,16.7356725598179));
#3873=CARTESIAN_POINT('Ctrl Pts',(19.6964801383151,79.0121538681364,16.7356725598179));
#3874=CARTESIAN_POINT('Ctrl Pts',(19.7139006556454,79.0038309693327,16.7356482532681));
#3875=CARTESIAN_POINT('Ctrl Pts',(19.7312445761414,78.9953438080877,16.7356007270453));
#3876=CARTESIAN_POINT('Ctrl Pts',(19.6151867696612,78.8835009952438,16.867836279909));
#3877=CARTESIAN_POINT('Ctrl Pts',(19.632683729863,78.8753420287072,16.867836279909));
#3878=CARTESIAN_POINT('Ctrl Pts',(19.6501424686291,78.8671010960371,16.867824126634));
#3879=CARTESIAN_POINT('Ctrl Pts',(19.667562908978,78.8587780321463,16.8678003635226));
#3880=CARTESIAN_POINT('Ctrl Pts',(19.5513903612091,78.7466891558146,17.));
#3881=CARTESIAN_POINT('Ctrl Pts',(19.5688873214109,78.738530189278,17.));
#3882=CARTESIAN_POINT('Ctrl Pts',(19.5863842816128,78.7303712227415,17.));
#3883=CARTESIAN_POINT('Ctrl Pts',(19.6038812418147,78.7222122562049,17.));
#3884=CARTESIAN_POINT('Ctrl Pts',(19.7949262433048,79.1319095840291,16.6034010905679));
#3885=CARTESIAN_POINT('Ctrl Pts',(19.7776588426618,79.1405608426283,16.6034723799021));
#3886=CARTESIAN_POINT('Ctrl Pts',(19.7602765467672,79.1489657075656,16.6035088397269));
#3887=CARTESIAN_POINT('Ctrl Pts',(19.7427795865653,79.1571246741022,16.6035088397269));
#3888=CARTESIAN_POINT('Origin',(66.0000000000005,96.9322509939081,16.8));
#3889=CARTESIAN_POINT('',(20.8001864070025,78.0119748025245,16.6));
#3890=CARTESIAN_POINT('',(20.8001864070025,78.0119748025245,16.6));
#3891=CARTESIAN_POINT('',(25.1944094685078,69.8047044521333,16.6));
#3892=CARTESIAN_POINT('',(24.8613026070262,69.5832550926086,17.));
#3893=CARTESIAN_POINT('Origin',(66.0000000000005,96.9322509939081,16.6));
#3894=CARTESIAN_POINT('Origin',(23.5288751611,68.6974576545098,16.8));
#3895=CARTESIAN_POINT('',(25.4718203470571,69.1717613592875,16.6));
#3896=CARTESIAN_POINT('',(25.0832313098657,69.076900618332,17.));
#3897=CARTESIAN_POINT('Origin',(23.5288751611,68.6974576545098,16.6));
#3898=CARTESIAN_POINT('Origin',(29.5601041112558,51.5811096851948,16.8));
#3899=CARTESIAN_POINT('',(29.2435651744983,53.7211262887265,16.5999999945916));
#3900=CARTESIAN_POINT('',(28.8549761373069,53.6262655477709,17.));
#3901=CARTESIAN_POINT('',(29.7543986298515,51.6285400556726,16.6));
#3902=CARTESIAN_POINT('Ctrl Pts',(20.7708594064095,78.0821888941382,16.6000026330042));
#3903=CARTESIAN_POINT('Ctrl Pts',(20.7806198255828,78.0587695882119,16.5999991224448));
#3904=CARTESIAN_POINT('Ctrl Pts',(20.7903903542984,78.0353771964268,16.6));
#3905=CARTESIAN_POINT('Ctrl Pts',(20.8001864070025,78.0119748025246,16.6));
#3906=CARTESIAN_POINT('Ctrl Pts',(20.6493932962974,78.0260372763499,16.7333350886695));
#3907=CARTESIAN_POINT('Ctrl Pts',(20.6587619969814,78.0042339127561,16.7333327482965));
#3908=CARTESIAN_POINT('Ctrl Pts',(20.6680260208025,77.9823923320017,16.7333333333333));
#3909=CARTESIAN_POINT('Ctrl Pts',(20.6771937169535,77.9604910577861,16.7333333333333));
#3910=CARTESIAN_POINT('Ctrl Pts',(20.5279271861852,77.9698856585617,16.8666675443347));
#3911=CARTESIAN_POINT('Ctrl Pts',(20.53690416838,77.9496982373002,16.8666663741483));
#3912=CARTESIAN_POINT('Ctrl Pts',(20.5456616873066,77.9294074675766,16.8666666666667));
#3913=CARTESIAN_POINT('Ctrl Pts',(20.5542010269045,77.9090073130477,16.8666666666667));
#3914=CARTESIAN_POINT('Ctrl Pts',(20.4064610760731,77.9137340407735,17.));
#3915=CARTESIAN_POINT('Ctrl Pts',(20.4150463397786,77.8951625618443,17.));
#3916=CARTESIAN_POINT('Ctrl Pts',(20.4232973538106,77.8764226031516,17.));
#3917=CARTESIAN_POINT('Ctrl Pts',(20.4312083368555,77.8575235683092,17.));
#3918=CARTESIAN_POINT('Ctrl Pts',(20.8001864070025,78.0119748025246,16.6));
#3919=CARTESIAN_POINT('Ctrl Pts',(20.7903903542984,78.0353771964268,16.6));
#3920=CARTESIAN_POINT('Ctrl Pts',(20.7806198255828,78.0587695882119,16.5999991224448));
#3921=CARTESIAN_POINT('Ctrl Pts',(20.7708594064095,78.0821888941382,16.6000026330042));
#3922=CARTESIAN_POINT('Ctrl Pts',(29.262548535795,53.6458138427973,16.6000004224297));
#3923=CARTESIAN_POINT('Ctrl Pts',(29.4701874977072,52.8473160551415,16.600018371468));
#3924=CARTESIAN_POINT('Ctrl Pts',(30.4010078738007,51.1132873777082,16.6015038199207));
#3925=CARTESIAN_POINT('Ctrl Pts',(32.1254640768808,50.1207244634919,16.6048405904189));
#3926=CARTESIAN_POINT('Ctrl Pts',(33.1887169377585,49.9108748810484,16.6060621150365));
#3927=CARTESIAN_POINT('Ctrl Pts',(29.0041323788178,53.5827303644189,16.8656186902351));
#3928=CARTESIAN_POINT('Ctrl Pts',(29.2138351642764,52.741196266646,16.8656247202797));
#3929=CARTESIAN_POINT('Ctrl Pts',(30.1747163085466,50.9029847582077,16.8661237620784));
#3930=CARTESIAN_POINT('Ctrl Pts',(31.9963654306149,49.8336565523444,16.8672447622371));
#3931=CARTESIAN_POINT('Ctrl Pts',(33.1264090004009,49.6054792094491,16.8676551378655));
#3932=CARTESIAN_POINT('Ctrl Pts',(28.7457162218405,53.5196468860405,17.1312369580406));
#3933=CARTESIAN_POINT('Ctrl Pts',(28.9574828308456,52.6350764781505,17.1312310690914));
#3934=CARTESIAN_POINT('Ctrl Pts',(29.9484247432926,50.6926821387072,17.130743704236));
#3935=CARTESIAN_POINT('Ctrl Pts',(31.867266784349,49.5465886411968,17.1296489340552));
#3936=CARTESIAN_POINT('Ctrl Pts',(33.0641010630432,49.3000835378498,17.1292481606945));
#3937=CARTESIAN_POINT('Ctrl Pts',(28.4873000648633,53.4565634076621,17.396855225846));
#3938=CARTESIAN_POINT('Ctrl Pts',(28.7011304974148,52.528956689655,17.3968374179031));
#3939=CARTESIAN_POINT('Ctrl Pts',(29.7221331780386,50.4823795192068,17.3953636463937));
#3940=CARTESIAN_POINT('Ctrl Pts',(31.7381681380831,49.2595207300492,17.3920531058734));
#3941=CARTESIAN_POINT('Ctrl Pts',(33.0017931256855,48.9946878662504,17.3908411835235));
#3942=CARTESIAN_POINT('',(31.3901726838915,50.1161283972013,17.));
#3943=CARTESIAN_POINT('',(33.1887169363887,49.9108748813187,16.6060621150349));
#3944=CARTESIAN_POINT('Ctrl Pts',(33.1887169363888,49.9108748813187,16.6060621150349));
#3945=CARTESIAN_POINT('Ctrl Pts',(33.1596108936908,49.9166194141016,16.606028676378));
#3946=CARTESIAN_POINT('Ctrl Pts',(33.1304854700007,49.9222463137457,16.6063183751976));
#3947=CARTESIAN_POINT('Ctrl Pts',(33.0522672941508,49.9370314665298,16.6079662524132));
#3948=CARTESIAN_POINT('Ctrl Pts',(33.0031812862539,49.9459656840729,16.6099183355163));
#3949=CARTESIAN_POINT('Ctrl Pts',(32.8589818336138,49.9712039464386,16.6183457325549));
#3950=CARTESIAN_POINT('Ctrl Pts',(32.7640751592767,49.9865300753136,16.6273269154275));
#3951=CARTESIAN_POINT('Ctrl Pts',(32.4571244179333,50.032021897883,16.6672586950914));
#3952=CARTESIAN_POINT('Ctrl Pts',(32.2478706875835,50.0567402935161,16.7113149164295));
#3953=CARTESIAN_POINT('Ctrl Pts',(31.8193791019193,50.0956279165397,16.8320403432361));
#3954=CARTESIAN_POINT('Ctrl Pts',(31.6024570369983,50.1087731776565,16.9101477983149));
#3955=CARTESIAN_POINT('Ctrl Pts',(31.3901726876346,50.1161283958933,17.));
#3956=CARTESIAN_POINT('',(29.262548535795,53.6458138427973,16.6000004224297));
#3957=CARTESIAN_POINT('Ctrl Pts',(33.1887169363887,49.9108748813187,16.6060621150349));
#3958=CARTESIAN_POINT('Ctrl Pts',(32.1254640760345,50.1207244639791,16.6048405904173));
#3959=CARTESIAN_POINT('Ctrl Pts',(30.4010078735723,51.1132873781337,16.6015038199204));
#3960=CARTESIAN_POINT('Ctrl Pts',(29.4701874977072,52.8473160551415,16.600018371468));
#3961=CARTESIAN_POINT('Ctrl Pts',(29.262548535795,53.6458138427973,16.6000004224297));
#3962=CARTESIAN_POINT('',(29.262548535795,53.6458138427973,16.6000004224297));
#3963=CARTESIAN_POINT('Ctrl Pts',(31.390172684425,50.1161283960045,17.0000000013585));
#3964=CARTESIAN_POINT('Ctrl Pts',(31.1191640953735,50.1255182888869,17.1147080262897));
#3965=CARTESIAN_POINT('Ctrl Pts',(30.8547518717379,50.1254775407435,17.2489719934891));
#3966=CARTESIAN_POINT('Ctrl Pts',(30.5996261336741,50.1182563736392,17.3939231012049));
#3967=CARTESIAN_POINT('Ctrl Pts',(29.2435651744983,53.7211262887265,16.6));
#3968=CARTESIAN_POINT('Ctrl Pts',(29.2497047131375,53.6959761856517,16.6));
#3969=CARTESIAN_POINT('Ctrl Pts',(29.2560324796807,53.6708720319907,16.599999859159));
#3970=CARTESIAN_POINT('Ctrl Pts',(29.262548535795,53.6458138427973,16.6000004224297));
#3971=CARTESIAN_POINT('Ctrl Pts',(29.1140354954345,53.6895060417413,16.7333333333333));
#3972=CARTESIAN_POINT('Ctrl Pts',(29.1201750340771,53.6643559386673,16.7333333333333));
#3973=CARTESIAN_POINT('Ctrl Pts',(29.126440057989,53.6392364685359,16.7333332394394));
#3974=CARTESIAN_POINT('Ctrl Pts',(29.1328306082817,53.6141476413829,16.7333336149531));
#3975=CARTESIAN_POINT('Ctrl Pts',(28.9845058163707,53.6578857947561,16.8666666666667));
#3976=CARTESIAN_POINT('Ctrl Pts',(28.9906453550167,53.632735691683,16.8666666666667));
#3977=CARTESIAN_POINT('Ctrl Pts',(28.9968476362973,53.6076009050811,16.8666666197197));
#3978=CARTESIAN_POINT('Ctrl Pts',(29.0031126807683,53.5824814399685,16.8666668074766));
#3979=CARTESIAN_POINT('Ctrl Pts',(28.8549761373069,53.6262655477709,17.));
#3980=CARTESIAN_POINT('Ctrl Pts',(28.8611156759562,53.6011154446986,17.));
#3981=CARTESIAN_POINT('Ctrl Pts',(28.8672552146056,53.5759653416264,17.));
#3982=CARTESIAN_POINT('Ctrl Pts',(28.8733947532549,53.5508152385541,17.));
#3983=CARTESIAN_POINT('Ctrl Pts',(29.262548535795,53.6458138427973,16.6000004224297));
#3984=CARTESIAN_POINT('Ctrl Pts',(29.2560324796807,53.6708720319907,16.599999859159));
#3985=CARTESIAN_POINT('Ctrl Pts',(29.2497047131375,53.6959761856517,16.6));
#3986=CARTESIAN_POINT('Ctrl Pts',(29.2435651744983,53.7211262887265,16.6));
#3987=CARTESIAN_POINT('Ctrl Pts',(17.7531537141668,50.8780262451533,16.6000004224297));
#3988=CARTESIAN_POINT('Ctrl Pts',(17.7475641664497,50.9033072417275,16.599999859159));
#3989=CARTESIAN_POINT('Ctrl Pts',(17.7417860179624,50.9285435679072,16.6));
#3990=CARTESIAN_POINT('Ctrl Pts',(17.7358193304737,50.9537352383226,16.6));
#3991=CARTESIAN_POINT('Ctrl Pts',(17.8830860357708,50.9088009235914,16.7333336149531));
#3992=CARTESIAN_POINT('Ctrl Pts',(17.8773707747998,50.9340521447801,16.7333332394394));
#3993=CARTESIAN_POINT('Ctrl Pts',(17.871529779982,50.9592735857058,16.7333333333333));
#3994=CARTESIAN_POINT('Ctrl Pts',(17.8655630924965,50.9844652561219,16.7333333333333));
#3995=CARTESIAN_POINT('Ctrl Pts',(18.0130183573749,50.9395756020295,16.8666668074766));
#3996=CARTESIAN_POINT('Ctrl Pts',(18.0071773831499,50.9647970478327,16.8666666197197));
#3997=CARTESIAN_POINT('Ctrl Pts',(18.0012735420015,50.9900036035044,16.8666666666667));
#3998=CARTESIAN_POINT('Ctrl Pts',(17.9953068545193,51.0151952739213,16.8666666666667));
#3999=CARTESIAN_POINT('Ctrl Pts',(18.1429506789789,50.9703502804676,17.));
#4000=CARTESIAN_POINT('Ctrl Pts',(18.1369839915,50.9955419508853,17.));
#4001=CARTESIAN_POINT('Ctrl Pts',(18.1310173040211,51.0207336213029,17.));
#4002=CARTESIAN_POINT('Ctrl Pts',(18.1250506165421,51.0459252917206,17.));
#4003=CARTESIAN_POINT('Ctrl Pts',(17.7358193304737,50.9537352383226,16.6));
#4004=CARTESIAN_POINT('Ctrl Pts',(17.7417860179624,50.9285435679072,16.6));
#4005=CARTESIAN_POINT('Ctrl Pts',(17.7475641664497,50.9033072417275,16.599999859159));
#4006=CARTESIAN_POINT('Ctrl Pts',(17.7531537141668,50.8780262451533,16.6000004224297));
#4007=CARTESIAN_POINT('Ctrl Pts',(15.954423454992,45.7663595100736,16.6060621150349));
#4008=CARTESIAN_POINT('Ctrl Pts',(15.6231945552544,46.8120925981697,10.7836277219409));
#4009=CARTESIAN_POINT('Ctrl Pts',(15.3026680600867,47.8535659567973,4.9585585257505));
#4010=CARTESIAN_POINT('Ctrl Pts',(14.9898268492163,48.8918874533914,-0.868240930763226));
#4011=CARTESIAN_POINT('Ctrl Pts',(16.8170944911179,46.4258261205836,16.6921388277974));
#4012=CARTESIAN_POINT('Ctrl Pts',(16.5113670470285,47.4667009211726,10.8669231753749));
#4013=CARTESIAN_POINT('Ctrl Pts',(16.2126537639427,48.5035748487245,5.03946950199791));
#4014=CARTESIAN_POINT('Ctrl Pts',(15.9199982161246,49.5365887576178,-0.78964885748315));
#4015=CARTESIAN_POINT('Ctrl Pts',(17.9288472105862,48.0764467710619,16.9545060684109));
#4016=CARTESIAN_POINT('Ctrl Pts',(17.6630692126467,49.1326456594841,11.1281779277954));
#4017=CARTESIAN_POINT('Ctrl Pts',(17.4008830880147,50.1811393577038,5.29952534812782));
#4018=CARTESIAN_POINT('Ctrl Pts',(17.14086524826,51.2248518784872,-0.530551314848923));
#4019=CARTESIAN_POINT('Ctrl Pts',(17.9597864608976,50.008134156657,17.3184423275041));
#4020=CARTESIAN_POINT('Ctrl Pts',(17.7019692815825,51.0969098248206,11.494848868682));
#4021=CARTESIAN_POINT('Ctrl Pts',(17.4467664299677,52.1738922410175,5.66870104139459));
#4022=CARTESIAN_POINT('Ctrl Pts',(17.1935398871602,53.2432677567405,-0.159073567261777));
#4023=CARTESIAN_POINT('Ctrl Pts',(17.7749578355559,50.7884903978388,17.4743030033696));
#4024=CARTESIAN_POINT('Ctrl Pts',(17.5141503358368,51.88963346903,11.6518686102756));
#4025=CARTESIAN_POINT('Ctrl Pts',(17.256472908575,52.977561208598,5.82679941408515));
#4026=CARTESIAN_POINT('Ctrl Pts',(17.000896181999,54.0566196786573,-4.24285749589526E-8));
#4027=CARTESIAN_POINT('',(17.0008961802637,54.0566196859838,-4.0995656591658E-8));
#4028=CARTESIAN_POINT('Ctrl Pts',(17.7358189915552,50.9537366692545,16.6000002802531));
#4029=CARTESIAN_POINT('Ctrl Pts',(17.4883607749472,51.998518360428,11.0687451623367));
#4030=CARTESIAN_POINT('Ctrl Pts',(17.2436806421543,53.0315708346599,5.5351532535514));
#4031=CARTESIAN_POINT('Ctrl Pts',(17.000896181999,54.0566196786573,-4.24285749589526E-8));
#4032=CARTESIAN_POINT('',(15.0365014194534,48.7371429584604,-9.40038963337386E-9));
#4033=CARTESIAN_POINT('Ctrl Pts',(15.0365007160795,48.7371432165891,2.70492275689094E-7));
#4034=CARTESIAN_POINT('Ctrl Pts',(15.1532755482615,48.8205969806152,9.41822026925185E-7));
#4035=CARTESIAN_POINT('Ctrl Pts',(15.2659754586579,48.9091059349127,4.00939116593364E-5));
#4036=CARTESIAN_POINT('Ctrl Pts',(15.3744617924538,49.0022516114586,9.10334795600487E-5));
#4037=CARTESIAN_POINT('Ctrl Pts',(15.4862262735587,49.0982118844447,0.000143512295784461));
#4038=CARTESIAN_POINT('Ctrl Pts',(15.593519197466,49.199093698959,0.000208547312486263));
#4039=CARTESIAN_POINT('Ctrl Pts',(15.6961632235586,49.3044873868325,0.000266935126566462));
#4040=CARTESIAN_POINT('Ctrl Pts',(15.799887809102,49.4109905805372,0.00032593760383476));
#4041=CARTESIAN_POINT('Ctrl Pts',(15.8988655812924,49.5221017019951,0.000378234423223454));
#4042=CARTESIAN_POINT('Ctrl Pts',(15.9928801900668,49.6374388651325,0.00041302780522498));
#4043=CARTESIAN_POINT('Ctrl Pts',(16.0871153258677,49.7530465709224,0.000447902800937127));
#4044=CARTESIAN_POINT('Ctrl Pts',(16.176364445458,49.8729007848102,0.000465286139831065));
#4045=CARTESIAN_POINT('Ctrl Pts',(16.2603693331196,49.9966488046781,0.00046196989643113));
#4046=CARTESIAN_POINT('Ctrl Pts',(16.2915972801352,50.0426508495031,0.000460737117290931));
#4047=CARTESIAN_POINT('Ctrl Pts',(16.3221000900969,50.0891912495297,0.000456712642776093));
#4048=CARTESIAN_POINT('Ctrl Pts',(16.351862882522,50.1362527411616,0.000449960745670414));
#4049=CARTESIAN_POINT('Ctrl Pts',(16.4319414250996,50.2628744508317,0.000431794369607636));
#4050=CARTESIAN_POINT('Ctrl Pts',(16.5063188944555,50.3927172853499,0.000394881053110707));
#4051=CARTESIAN_POINT('Ctrl Pts',(16.574820227225,50.5253748824322,0.000343454105496244));
#4052=CARTESIAN_POINT('Ctrl Pts',(16.6436778842239,50.6587225261769,0.00029175964969271));
#4053=CARTESIAN_POINT('Ctrl Pts',(16.7065985619944,50.794914916749,0.000225496041302533));
#4054=CARTESIAN_POINT('Ctrl Pts',(16.7633653263285,50.9335736788307,0.000157061662437397));
#4055=CARTESIAN_POINT('Ctrl Pts',(16.8197981939741,51.0714168633112,8.90298080555845E-5));
#4056=CARTESIAN_POINT('Ctrl Pts',(16.8701497018669,51.2116981421958,1.89567883779577E-5));
#4057=CARTESIAN_POINT('Ctrl Pts',(16.914162125321,51.3540700111302,-3.45112112442036E-5));
#4058=CARTESIAN_POINT('Ctrl Pts',(16.9282624981141,51.3996820513154,-5.16408911847659E-5));
#4059=CARTESIAN_POINT('Ctrl Pts',(16.9417118691474,51.4455088135048,-6.70227889899831E-5));
#4060=CARTESIAN_POINT('Ctrl Pts',(16.9545006899622,51.4915392348533,-7.99287583342911E-5));
#4061=CARTESIAN_POINT('Ctrl Pts',(16.9945458699347,51.6356726568321,-0.000120340761333691));
#4062=CARTESIAN_POINT('Ctrl Pts',(17.0281183403791,51.7818024787061,-0.000136730625293082));
#4063=CARTESIAN_POINT('Ctrl Pts',(17.0552166931868,51.929475671141,-0.000140530406681189));
#4064=CARTESIAN_POINT('Ctrl Pts',(17.0570705847522,51.9395785024031,-0.000140790362801618));
#4065=CARTESIAN_POINT('Ctrl Pts',(17.0588941547578,51.9496885589362,-0.000140990185140661));
#4066=CARTESIAN_POINT('Ctrl Pts',(17.0606873938868,51.9598056961746,-0.000141133047490749));
#4067=CARTESIAN_POINT('Ctrl Pts',(17.0867509136291,52.1068514536943,-0.000143209455272839));
#4068=CARTESIAN_POINT('Ctrl Pts',(17.1063313762054,52.2549407999507,-0.000133766834264596));
#4069=CARTESIAN_POINT('Ctrl Pts',(17.119491686346,52.4036137985131,-0.000120901783726007));
#4070=CARTESIAN_POINT('Ctrl Pts',(17.132784349623,52.5537820002632,-0.000107907349474432));
#4071=CARTESIAN_POINT('Ctrl Pts',(17.1395271510379,52.7045464178493,-9.12830911789247E-5));
#4072=CARTESIAN_POINT('Ctrl Pts',(17.1397330573234,52.8554421350621,-7.53755435493608E-5));
#4073=CARTESIAN_POINT('Ctrl Pts',(17.1398033639523,52.9069654247781,-6.99439169907835E-5));
#4074=CARTESIAN_POINT('Ctrl Pts',(17.1391111012633,52.9585040468461,-6.45713106162581E-5));
#4075=CARTESIAN_POINT('Ctrl Pts',(17.1376553956121,53.0100394831863,-5.93703608871565E-5));
#4076=CARTESIAN_POINT('Ctrl Pts',(17.1333859376686,53.1611884313759,-4.411642811828E-5));
#4077=CARTESIAN_POINT('Ctrl Pts',(17.1225618437439,53.3120036089152,-3.04912460170898E-5));
#4078=CARTESIAN_POINT('Ctrl Pts',(17.1052058046958,53.4620202056895,-2.04881839339088E-5));
#4079=CARTESIAN_POINT('Ctrl Pts',(17.087950171913,53.6111689428,-1.05429904751584E-5));
#4080=CARTESIAN_POINT('Ctrl Pts',(17.0642378953215,53.7595290785821,-4.03369827807559E-6));
#4081=CARTESIAN_POINT('Ctrl Pts',(17.0340403118121,53.9066398236402,-1.37148034645707E-6));
#4082=CARTESIAN_POINT('Ctrl Pts',(17.0237470476615,53.956784556506,-4.64026530226997E-7));
#4083=CARTESIAN_POINT('Ctrl Pts',(17.0126998331036,54.0067840387979,-2.91266094456476E-15));
#4084=CARTESIAN_POINT('Ctrl Pts',(17.00089618386,54.0566196708,-1.11022302462516E-16));
#4085=CARTESIAN_POINT('Ctrl Pts',(15.0365007056223,48.7371432512219,7.62067600135197E-8));
#4086=CARTESIAN_POINT('Ctrl Pts',(15.3345356593107,47.7500951817555,5.53721609021128));
#4087=CARTESIAN_POINT('Ctrl Pts',(15.6396467427788,46.7601508839068,11.0728288833112));
#4088=CARTESIAN_POINT('Ctrl Pts',(15.954423454992,45.7663595100736,16.6060621150349));
#4089=CARTESIAN_POINT('Origin',(11.0030815746158,79.3797104805819,0.));
#4090=CARTESIAN_POINT('',(11.0030815746158,79.3797104805819,0.));
#4091=CARTESIAN_POINT('',(11.0030815746158,79.3797104805819,0.));
#4092=CARTESIAN_POINT('',(15.9302057955626,58.5771311734775,0.));
#4093=CARTESIAN_POINT('Origin',(7.5,78.55,0.));
#4094=CARTESIAN_POINT('',(9.02139012388975,81.8127246422172,0.));
#4095=CARTESIAN_POINT('',(9.02139012388975,81.8127246422172,0.));
#4096=CARTESIAN_POINT('Origin',(7.5,78.55,0.));
#4097=CARTESIAN_POINT('Origin',(3.00000000000001,84.6205449699626,0.));
#4098=CARTESIAN_POINT('Origin',(5.,83.6879296536526,17.4027432462269));
#4099=CARTESIAN_POINT('',(27.4041525401123,73.2407017497254,0.));
#4100=CARTESIAN_POINT('Origin',(5.,84.5749130328915,11.3736436694047));
#4101=CARTESIAN_POINT('',(5.83782202475076,87.7895196703982,2.00012525297356));
#4102=CARTESIAN_POINT('',(5.83782202475076,86.3716281631248,11.6379711095867));
#4103=CARTESIAN_POINT('Origin',(5.,85.9734650856342,1.86725404957825));
#4104=CARTESIAN_POINT('Origin',(-83.1612723701672,127.083741544532,17.));
#4105=CARTESIAN_POINT('',(18.7387566972883,81.7737334620853,2.00000000000047));
#4106=CARTESIAN_POINT('Origin',(66.8378220247512,98.7289661241414,-265.706520795138));
#4107=CARTESIAN_POINT('',(5.8452365234814,87.7860806597075,1.99999999999999));
#4108=CARTESIAN_POINT('',(-30.765417051572,104.857908791815,1.9999999999989));
#4109=CARTESIAN_POINT('Origin',(5.,85.9734650856342,17.0000000000002));
#4110=CARTESIAN_POINT('Ctrl Pts',(18.7387566972883,81.7737334620853,2.00000000000037));
#4111=CARTESIAN_POINT('Ctrl Pts',(19.0550933125974,80.8763411450061,7.09718010881693));
#4112=CARTESIAN_POINT('Ctrl Pts',(19.3965506287368,79.9878042029945,12.0545440003869));
#4113=CARTESIAN_POINT('Ctrl Pts',(19.7625940366396,79.1095137906201,16.8643300847249));
#4114=CARTESIAN_POINT('Ctrl Pts',(19.2244307581774,81.5573000784455,1.93175400186482));
#4115=CARTESIAN_POINT('Ctrl Pts',(19.5293647366554,80.6651389244976,7.02796642571388));
#4116=CARTESIAN_POINT('Ctrl Pts',(19.8598891422701,79.7822439240121,11.9844557578911));
#4117=CARTESIAN_POINT('Ctrl Pts',(20.2145586408716,78.9092007786227,16.7933556887934));
#4118=CARTESIAN_POINT('Ctrl Pts',(19.6119766711114,81.1389297915897,1.83404561549025));
#4119=CARTESIAN_POINT('Ctrl Pts',(19.9105473205964,80.2617007334355,6.93070560821347));
#4120=CARTESIAN_POINT('Ctrl Pts',(20.2345318706906,79.393286925677,11.8876126193074));
#4121=CARTESIAN_POINT('Ctrl Pts',(20.5823821729718,78.5344241851045,16.6969268539276));
#4122=CARTESIAN_POINT('Ctrl Pts',(19.7871725285165,80.6419294166385,1.73567255981834));
#4123=CARTESIAN_POINT('Ctrl Pts',(20.0911037863624,79.779728955131,6.8328526686349));
#4124=CARTESIAN_POINT('Ctrl Pts',(20.419170619516,78.9260365990807,11.7902165602048));
#4125=CARTESIAN_POINT('Ctrl Pts',(20.7708593839717,78.0821889479759,16.6000026445428));
#4126=CARTESIAN_POINT('',(19.7950255965251,80.6196687221097,1.86725404957859));
#4127=CARTESIAN_POINT('Origin',(66.0000000000005,96.9322509939081,-265.97084823532));
#4128=CARTESIAN_POINT('',(18.7543447974157,81.7664646116198,1.99944507125098));
#4129=CARTESIAN_POINT('Ctrl Pts',(18.7543421801158,81.76646184674,1.99944474686839));
#4130=CARTESIAN_POINT('Ctrl Pts',(18.8208813756968,81.735400311863,1.99468309424692));
#4131=CARTESIAN_POINT('Ctrl Pts',(18.8853831242194,81.7006202868076,1.98965087489379));
#4132=CARTESIAN_POINT('Ctrl Pts',(18.9476759878929,81.6624360066769,1.984388040234));
#4133=CARTESIAN_POINT('Ctrl Pts',(19.0110660422745,81.6235791705762,1.97903250902847));
#4134=CARTESIAN_POINT('Ctrl Pts',(19.0721693906615,81.5811965563891,1.97343802864609));
#4135=CARTESIAN_POINT('Ctrl Pts',(19.1307829974429,81.5355699265943,1.96763944288592));
#4136=CARTESIAN_POINT('Ctrl Pts',(19.1898091006037,81.4896221969623,1.96180004926962));
#4137=CARTESIAN_POINT('Ctrl Pts',(19.2463109883546,81.4403839809387,1.95575350948515));
#4138=CARTESIAN_POINT('Ctrl Pts',(19.3000484814695,81.3881026031188,1.94953038130359));
#4139=CARTESIAN_POINT('Ctrl Pts',(19.3265312735555,81.3623374105407,1.94646351308545));
#4140=CARTESIAN_POINT('Ctrl Pts',(19.3523421126069,81.3358325713012,1.94335369508568));
#4141=CARTESIAN_POINT('Ctrl Pts',(19.3774485486747,81.3086148552893,1.94020432109979));
#4142=CARTESIAN_POINT('Ctrl Pts',(19.4283175295098,81.253468140302,1.93382327026097));
#4143=CARTESIAN_POINT('Ctrl Pts',(19.4760900775304,81.1956216774798,1.92730584602397));
#4144=CARTESIAN_POINT('Ctrl Pts',(19.5205410112613,81.1353404451998,1.92068067288528));
#4145=CARTESIAN_POINT('Ctrl Pts',(19.5556748210837,81.0876944415499,1.91544416706733));
#4146=CARTESIAN_POINT('Ctrl Pts',(19.5887330177227,81.0385264486856,1.91014021774975));
#4147=CARTESIAN_POINT('Ctrl Pts',(19.6195859872006,80.98795349392,1.90478169927984));
#4148=CARTESIAN_POINT('Ctrl Pts',(19.6582666996257,80.924549615691,1.89806366482587));
#4149=CARTESIAN_POINT('Ctrl Pts',(19.6933773468074,80.8591105905477,1.89127814154986));
#4150=CARTESIAN_POINT('Ctrl Pts',(19.7246806468149,80.791877997247,1.88445005828096));
#4151=CARTESIAN_POINT('Ctrl Pts',(19.7499350240829,80.7376371576065,1.87894140613089));
#4152=CARTESIAN_POINT('Ctrl Pts',(19.7727107286779,80.682228192115,1.87340495896023));
#4153=CARTESIAN_POINT('Ctrl Pts',(19.7928607736334,80.6257673068138,1.86785335147847));
#4154=CARTESIAN_POINT('Ctrl Pts',(19.7935858147105,80.6237357251878,1.86765359294308));
#4155=CARTESIAN_POINT('Ctrl Pts',(19.7943074249837,80.6217028619453,1.86745382272553));
#4156=CARTESIAN_POINT('Ctrl Pts',(19.7950255978898,80.6196687226255,1.8672540414275));
#4157=CARTESIAN_POINT('Ctrl Pts',(18.7543421801158,81.76646184674,1.99944474686836));
#4158=CARTESIAN_POINT('Ctrl Pts',(18.7491651423591,81.7688785687502,1.99981522411083));
#4159=CARTESIAN_POINT('Ctrl Pts',(18.7439699110729,81.7713025005739,2.00000000000038));
#4160=CARTESIAN_POINT('Ctrl Pts',(18.7387566972883,81.7737334620853,2.00000000000049));
#4161=CARTESIAN_POINT('Origin',(66.0000000000005,96.9322509939081,17.));
#4162=CARTESIAN_POINT('',(25.1944094685078,69.8047044521333,0.));
#4163=CARTESIAN_POINT('',(25.1944094685078,69.8047044521333,17.));
#4164=CARTESIAN_POINT('',(19.7950255965251,80.6196687221097,0.));
#4165=CARTESIAN_POINT('Origin',(66.0000000000005,96.9322509939081,0.));
#4166=CARTESIAN_POINT('',(19.7950255965251,80.6196687221097,17.));
#4167=CARTESIAN_POINT('Origin',(23.5288751611,68.6974576545098,17.));
#4168=CARTESIAN_POINT('',(25.4718203470571,69.1717613592875,0.));
#4169=CARTESIAN_POINT('',(25.4718203470571,69.1717613592875,17.));
#4170=CARTESIAN_POINT('Origin',(23.5288751611,68.6974576545098,0.));
#4171=CARTESIAN_POINT('Origin',(34.9109766932094,30.5050522496712,0.));
#4172=CARTESIAN_POINT('',(28.4873517652956,56.818890839512,-4.12641432134819E-8));
#4173=CARTESIAN_POINT('Ctrl Pts',(28.4873517670929,56.8188908321496,-4.27064423408341E-8));
#4174=CARTESIAN_POINT('Ctrl Pts',(28.7371695395198,55.7955333643204,5.5351532525493));
#4175=CARTESIAN_POINT('Ctrl Pts',(28.9889379011245,54.7641854721812,11.0687451628632));
#4176=CARTESIAN_POINT('Ctrl Pts',(29.2435648257713,53.7211277172573,16.6000002800259));
#4177=CARTESIAN_POINT('',(33.6969334625348,35.4782781107018,0.));
#4178=CARTESIAN_POINT('Ctrl Pts',(32.6267695021845,53.133232188922,-0.868240931041094));
#4179=CARTESIAN_POINT('Ctrl Pts',(32.8202250889144,52.0662007511412,4.95855852483235));
#4180=CARTESIAN_POINT('Ctrl Pts',(33.0082687405711,50.9928678220531,10.7836277228789));
#4181=CARTESIAN_POINT('Ctrl Pts',(33.1887169363887,49.9108748813187,16.6060621150349));
#4182=CARTESIAN_POINT('Ctrl Pts',(31.5051771653893,53.2845238725365,-0.789648857761127));
#4183=CARTESIAN_POINT('Ctrl Pts',(31.7141981511986,52.2313974637548,5.03946950107937));
#4184=CARTESIAN_POINT('Ctrl Pts',(31.9195787725902,51.1720788298074,10.8669231763134));
#4185=CARTESIAN_POINT('Ctrl Pts',(32.1205312199923,50.1060076623544,16.6921388277974));
#4186=CARTESIAN_POINT('Ctrl Pts',(29.6502283017815,54.2331411959154,-0.530546040086048));
#4187=CARTESIAN_POINT('Ctrl Pts',(29.8931827401517,53.1853252561376,5.29953062225008));
#4188=CARTESIAN_POINT('Ctrl Pts',(30.1363764498283,52.1322592057839,11.128182366095));
#4189=CARTESIAN_POINT('Ctrl Pts',(30.3798776852329,51.070703185563,16.9545105057718));
#4190=CARTESIAN_POINT('Ctrl Pts',(28.6855762385891,56.0068809769602,-0.159073567539692));
#4191=CARTESIAN_POINT('Ctrl Pts',(28.94624755345,54.9392957855339,5.66870104047626));
#4192=CARTESIAN_POINT('Ctrl Pts',(29.2086172578314,53.8640368589142,11.4948488696202));
#4193=CARTESIAN_POINT('Ctrl Pts',(29.4740204911022,52.7770854906823,17.3184423275041));
#4194=CARTESIAN_POINT('Ctrl Pts',(28.4873517670929,56.8188908321496,-4.27064423408341E-8));
#4195=CARTESIAN_POINT('Ctrl Pts',(28.7503323898142,55.7416128565202,5.826799413167));
#4196=CARTESIAN_POINT('Ctrl Pts',(29.0154745693058,54.6554802456041,11.6518686112136));
#4197=CARTESIAN_POINT('Ctrl Pts',(29.2838374973467,53.5561541094722,17.4743030033696));
#4198=CARTESIAN_POINT('',(32.6555555774226,52.9741858557496,-9.49843245723336E-9));
#4199=CARTESIAN_POINT('Ctrl Pts',(33.1887169363887,49.9108748813187,16.6060621150349));
#4200=CARTESIAN_POINT('Ctrl Pts',(33.0172316286501,50.9391250756311,11.0728288842872));
#4201=CARTESIAN_POINT('Ctrl Pts',(32.8388866609344,51.9595541810517,5.53721608963999));
#4202=CARTESIAN_POINT('Ctrl Pts',(32.6555560800983,52.9741864410394,7.61054304021513E-8));
#4203=CARTESIAN_POINT('Ctrl Pts',(28.4873517690204,56.8188908242539,-7.21644966006352E-16));
#4204=CARTESIAN_POINT('Ctrl Pts',(28.5226249393013,56.6743972525184,-9.13341021440206E-15));
#4205=CARTESIAN_POINT('Ctrl Pts',(28.5641734116046,56.5317047147297,-4.00944596799638E-6));
#4206=CARTESIAN_POINT('Ctrl Pts',(28.611718886552,56.3911836554685,-1.10225924563334E-5));
#4207=CARTESIAN_POINT('Ctrl Pts',(28.6600826376034,56.2482441741591,-1.81564379216375E-5));
#4208=CARTESIAN_POINT('Ctrl Pts',(28.7146518040985,56.1075508516383,-2.85387512091783E-5));
#4209=CARTESIAN_POINT('Ctrl Pts',(28.7751860610995,55.9695039895856,-4.15088652549467E-5));
#4210=CARTESIAN_POINT('Ctrl Pts',(28.8356945715296,55.8315158419454,-5.4473462821641E-5));
#4211=CARTESIAN_POINT('Ctrl Pts',(28.9021634575091,55.6961712078573,-7.0168489252939E-5));
#4212=CARTESIAN_POINT('Ctrl Pts',(28.9744002438891,55.5638907254325,-8.61730320438903E-5));
#4213=CARTESIAN_POINT('Ctrl Pts',(29.0455599496738,55.4335826001389,-0.000101938940430696));
#4214=CARTESIAN_POINT('Ctrl Pts',(29.122317260401,55.3062473329878,-0.000118135043368743));
#4215=CARTESIAN_POINT('Ctrl Pts',(29.2045283519794,55.1823167663997,-0.000128712168022627));
#4216=CARTESIAN_POINT('Ctrl Pts',(29.2449093890814,55.1214436565627,-0.000133907516422475));
#4217=CARTESIAN_POINT('Ctrl Pts',(29.2866068100008,55.0613924940285,-0.000137677770892358));
#4218=CARTESIAN_POINT('Ctrl Pts',(29.3296067386666,55.0022178156256,-0.000138823400415211));
#4219=CARTESIAN_POINT('Ctrl Pts',(29.4179426524376,54.8806536770093,-0.000141176898057672));
#4220=CARTESIAN_POINT('Ctrl Pts',(29.5114200638044,54.763272290025,-0.000133584269555825));
#4221=CARTESIAN_POINT('Ctrl Pts',(29.6098247771947,54.6504726942573,-0.000105719505427555));
#4222=CARTESIAN_POINT('Ctrl Pts',(29.6378018488052,54.6184030681216,-9.77973798040281E-5));
#4223=CARTESIAN_POINT('Ctrl Pts',(29.6661774685895,54.5867039563716,-8.82177283170854E-5));
#4224=CARTESIAN_POINT('Ctrl Pts',(29.6949473491388,54.5553849648824,-7.66908120834431E-5));
#4225=CARTESIAN_POINT('Ctrl Pts',(29.7960691876523,54.4453033816669,-3.61754209979717E-5));
#4226=CARTESIAN_POINT('Ctrl Pts',(29.9020589885099,54.3399149536176,2.79821995605821E-5));
#4227=CARTESIAN_POINT('Ctrl Pts',(30.0125199554943,54.2394064557156,9.52857538856211E-5));
#4228=CARTESIAN_POINT('Ctrl Pts',(30.1233532886611,54.1385591416083,0.000162816189870922));
#4229=CARTESIAN_POINT('Ctrl Pts',(30.2386886332395,54.0426243178179,0.00023341141567362));
#4230=CARTESIAN_POINT('Ctrl Pts',(30.3581565354164,53.9518321449454,0.000292645569569872));
#4231=CARTESIAN_POINT('Ctrl Pts',(30.4766798342626,53.861757843462,0.000351411373574324));
#4232=CARTESIAN_POINT('Ctrl Pts',(30.599271278663,53.7767448686268,0.000398904961127772));
#4233=CARTESIAN_POINT('Ctrl Pts',(30.7255909289145,53.69706397158,0.000428626511029595));
#4234=CARTESIAN_POINT('Ctrl Pts',(30.745585613314,53.6844515681578,0.00043333102856879));
#4235=CARTESIAN_POINT('Ctrl Pts',(30.7656737369486,53.6719728579471,0.000437607457686621));
#4236=CARTESIAN_POINT('Ctrl Pts',(30.7858539826096,53.6596290299176,0.000441449970469104));
#4237=CARTESIAN_POINT('Ctrl Pts',(30.9137087552973,53.5814229786472,0.000465794748357639));
#4238=CARTESIAN_POINT('Ctrl Pts',(31.0448477094044,53.5088795128285,0.000470306771850672));
#4239=CARTESIAN_POINT('Ctrl Pts',(31.1788870573294,53.4422181624886,0.000454262256730398));
#4240=CARTESIAN_POINT('Ctrl Pts',(31.3116349016335,53.3761991114187,0.000438372334643381));
#4241=CARTESIAN_POINT('Ctrl Pts',(31.4472282064846,53.3159490821673,0.000402235907392763));
#4242=CARTESIAN_POINT('Ctrl Pts',(31.5853126951141,53.2617280294558,0.000352950237610825));
#4243=CARTESIAN_POINT('Ctrl Pts',(31.6194228048701,53.2483341567809,0.00034077552036094));
#4244=CARTESIAN_POINT('Ctrl Pts',(31.6536849896087,53.2353084125965,0.00032783941856769));
#4245=CARTESIAN_POINT('Ctrl Pts',(31.6880940111568,53.2226551922298,0.000314332456158375));
#4246=CARTESIAN_POINT('Ctrl Pts',(31.8276022964168,53.1713538474967,0.000259569691045797));
#4247=CARTESIAN_POINT('Ctrl Pts',(31.969197471935,53.1262921153567,0.000194691789748483));
#4248=CARTESIAN_POINT('Ctrl Pts',(32.1125106739116,53.0877062740244,0.000136529340981184));
#4249=CARTESIAN_POINT('Ctrl Pts',(32.2531744351832,53.0498337717094,7.94421452759775E-5));
#4250=CARTESIAN_POINT('Ctrl Pts',(32.3954939443365,53.0181997431494,2.87598665459535E-5));
#4251=CARTESIAN_POINT('Ctrl Pts',(32.5391301912582,52.993075968918,8.88119809521956E-6));
#4252=CARTESIAN_POINT('Ctrl Pts',(32.5778453395805,52.9863042057549,3.52318008784252E-6));
#4253=CARTESIAN_POINT('Ctrl Pts',(32.6166561738247,52.9800056955357,4.54476870619567E-7));
#4254=CARTESIAN_POINT('Ctrl Pts',(32.6555560865346,52.9741864054175,2.70506754551647E-7));
#4255=CARTESIAN_POINT('Origin',(3.20000000000002,37.187322583592,16.8));
#4256=CARTESIAN_POINT('',(3.40000000000004,112.05,17.));
#4257=CARTESIAN_POINT('',(3.40000000000004,112.05,17.));
#4258=CARTESIAN_POINT('',(3.40000000000004,109.605281744835,17.));
#4259=CARTESIAN_POINT('',(3.,109.605281744835,16.6));
#4260=CARTESIAN_POINT('',(3.40000000000004,37.187322583592,17.));
#4261=CARTESIAN_POINT('Origin',(6.,112.05,16.8));
#4262=CARTESIAN_POINT('',(6.00000000000004,114.65,17.));
#4263=CARTESIAN_POINT('',(6.00000000000004,114.65,17.));
#4264=CARTESIAN_POINT('Origin',(6.,112.05,17.));
#4265=CARTESIAN_POINT('Origin',(10.9777441733033,114.85,16.8));
#4266=CARTESIAN_POINT('',(15.0000000000009,114.65,17.));
#4267=CARTESIAN_POINT('',(15.0000000000009,115.05,16.6));
#4268=CARTESIAN_POINT('',(15.0000000000009,114.65,17.));
#4269=CARTESIAN_POINT('',(10.9777441733033,115.05,16.6));
#4270=CARTESIAN_POINT('',(10.9777441733033,114.65,17.));
#4271=CARTESIAN_POINT('Origin',(15.0000000000008,112.05,16.8));
#4272=CARTESIAN_POINT('',(17.6000000000008,112.05,17.));
#4273=CARTESIAN_POINT('',(18.0000000000008,112.05,16.6));
#4274=CARTESIAN_POINT('',(17.6000000000008,112.05,17.));
#4275=CARTESIAN_POINT('Origin',(15.0000000000008,112.05,16.6));
#4276=CARTESIAN_POINT('Origin',(15.0000000000008,112.05,17.));
#4277=CARTESIAN_POINT('Origin',(17.8000000000004,93.2123225835918,16.8));
#4278=CARTESIAN_POINT('',(17.6000000000006,104.47589750513,17.));
#4279=CARTESIAN_POINT('',(18.0000000000006,104.47589750513,16.6));
#4280=CARTESIAN_POINT('',(17.6000000000006,104.47589750513,17.));
#4281=CARTESIAN_POINT('',(18.0000000000004,93.2123225835918,16.6));
#4282=CARTESIAN_POINT('',(17.6000000000004,93.2123225835918,17.));
#4283=CARTESIAN_POINT('Ctrl Pts',(18.0000000000006,104.417050818822,16.6000008972299));
#4284=CARTESIAN_POINT('Ctrl Pts',(18.000000000748,104.039012405818,16.6000239482462));
#4285=CARTESIAN_POINT('Ctrl Pts',(17.7844934315119,103.279210609252,16.6010195374262));
#4286=CARTESIAN_POINT('Ctrl Pts',(16.7378649976453,102.34304076195,16.6043644018551));
#4287=CARTESIAN_POINT('Ctrl Pts',(15.6847816209064,102.338407943594,16.6044423734421));
#4288=CARTESIAN_POINT('Ctrl Pts',(15.1621779726228,102.581967559646,16.603528351278));
#4289=CARTESIAN_POINT('Ctrl Pts',(17.8664396394471,104.420897393336,16.7333339314866));
#4290=CARTESIAN_POINT('Ctrl Pts',(17.8635245475869,104.067654250708,16.7333492988308));
#4291=CARTESIAN_POINT('Ctrl Pts',(17.656324955852,103.361163765858,16.7340130249508));
#4292=CARTESIAN_POINT('Ctrl Pts',(16.6809561596554,102.499610961371,16.73624293457));
#4293=CARTESIAN_POINT('Ctrl Pts',(15.7090342693099,102.495647421367,16.7362949156281));
#4294=CARTESIAN_POINT('Ctrl Pts',(15.2243388095035,102.719583692528,16.7356855675187));
#4295=CARTESIAN_POINT('Ctrl Pts',(17.7328792788935,104.424743967849,16.8666669657433));
#4296=CARTESIAN_POINT('Ctrl Pts',(17.7270490944257,104.096296095598,16.8666746494154));
#4297=CARTESIAN_POINT('Ctrl Pts',(17.5281564801921,103.443116922464,16.8670065124754));
#4298=CARTESIAN_POINT('Ctrl Pts',(16.6240473216655,102.656181160792,16.868121467285));
#4299=CARTESIAN_POINT('Ctrl Pts',(15.7332869177135,102.65288689914,16.868147457814));
#4300=CARTESIAN_POINT('Ctrl Pts',(15.2864996463842,102.85719982541,16.8678427837593));
#4301=CARTESIAN_POINT('Ctrl Pts',(17.5993189183399,104.428590542363,17.));
#4302=CARTESIAN_POINT('Ctrl Pts',(17.5905736412645,104.124937940489,17.));
#4303=CARTESIAN_POINT('Ctrl Pts',(17.3999880045322,103.525070079071,17.));
#4304=CARTESIAN_POINT('Ctrl Pts',(16.5671384836757,102.812751360213,17.));
#4305=CARTESIAN_POINT('Ctrl Pts',(15.757539566117,102.810126376912,17.));
#4306=CARTESIAN_POINT('Ctrl Pts',(15.348660483265,102.994815958292,17.));
#4307=CARTESIAN_POINT('',(18.0000000000006,104.417050818822,16.6000008977993));
#4308=CARTESIAN_POINT('',(17.5993189183399,104.428590542363,17.));
#4309=CARTESIAN_POINT('',(18.0000000000006,104.417050818822,16.6000008977993));
#4310=CARTESIAN_POINT('',(15.348660483265,102.994815958292,17.));
#4311=CARTESIAN_POINT('Ctrl Pts',(17.5993189183399,104.428590542363,17.));
#4312=CARTESIAN_POINT('Ctrl Pts',(17.5905736412645,104.124937940489,17.));
#4313=CARTESIAN_POINT('Ctrl Pts',(17.3999880045322,103.525070079071,17.));
#4314=CARTESIAN_POINT('Ctrl Pts',(16.5671384836757,102.812751360213,17.));
#4315=CARTESIAN_POINT('Ctrl Pts',(15.757539566117,102.810126376912,17.));
#4316=CARTESIAN_POINT('Ctrl Pts',(15.348660483265,102.994815958292,17.));
#4317=CARTESIAN_POINT('',(15.1621779726322,102.581967559667,16.6035283514492));
#4318=CARTESIAN_POINT('',(15.348660483265,102.994815958292,17.));
#4319=CARTESIAN_POINT('Ctrl Pts',(15.1621779726228,102.581967559646,16.603528351278));
#4320=CARTESIAN_POINT('Ctrl Pts',(15.6847816209064,102.338407943594,16.6044423734421));
#4321=CARTESIAN_POINT('Ctrl Pts',(16.7378649976453,102.34304076195,16.6043644018551));
#4322=CARTESIAN_POINT('Ctrl Pts',(17.7844934315119,103.279210609252,16.6010195374262));
#4323=CARTESIAN_POINT('Ctrl Pts',(18.000000000748,104.039012405818,16.6000239482462));
#4324=CARTESIAN_POINT('Ctrl Pts',(18.0000000000006,104.417050818822,16.6000008972299));
#4325=CARTESIAN_POINT('Ctrl Pts',(18.0000000000006,104.47589750513,16.6));
#4326=CARTESIAN_POINT('Ctrl Pts',(18.0000000000006,104.456287305094,16.6));
#4327=CARTESIAN_POINT('Ctrl Pts',(18.0000000000006,104.436677108736,16.5999997005105));
#4328=CARTESIAN_POINT('Ctrl Pts',(18.0000000000006,104.417050818822,16.6000008972299));
#4329=CARTESIAN_POINT('Ctrl Pts',(17.8666666666673,104.47589750513,16.7333333333333));
#4330=CARTESIAN_POINT('Ctrl Pts',(17.8666666666673,104.457566955736,16.7333333333333));
#4331=CARTESIAN_POINT('Ctrl Pts',(17.8665909797495,104.439236408867,16.7333331336736));
#4332=CARTESIAN_POINT('Ctrl Pts',(17.8664396394471,104.420897393336,16.7333339314866));
#4333=CARTESIAN_POINT('Ctrl Pts',(17.733333333334,104.47589750513,16.8666666666667));
#4334=CARTESIAN_POINT('Ctrl Pts',(17.733333333334,104.458846606378,16.8666666666667));
#4335=CARTESIAN_POINT('Ctrl Pts',(17.7331819594984,104.441795708998,16.8666665668368));
#4336=CARTESIAN_POINT('Ctrl Pts',(17.7328792788935,104.424743967849,16.8666669657433));
#4337=CARTESIAN_POINT('Ctrl Pts',(17.6000000000006,104.47589750513,17.));
#4338=CARTESIAN_POINT('Ctrl Pts',(17.6000000000006,104.460126257021,17.));
#4339=CARTESIAN_POINT('Ctrl Pts',(17.5997729392473,104.444355009128,17.));
#4340=CARTESIAN_POINT('Ctrl Pts',(17.5993189183399,104.428590542363,17.));
#4341=CARTESIAN_POINT('Ctrl Pts',(18.0000000000006,104.417050818822,16.6000008972299));
#4342=CARTESIAN_POINT('Ctrl Pts',(18.0000000000006,104.436677108736,16.5999997005105));
#4343=CARTESIAN_POINT('Ctrl Pts',(18.0000000000006,104.456287305094,16.6));
#4344=CARTESIAN_POINT('Ctrl Pts',(18.0000000000006,104.47589750513,16.6));
#4345=CARTESIAN_POINT('Ctrl Pts',(17.6000000000006,104.47589750513,17.));
#4346=CARTESIAN_POINT('Ctrl Pts',(17.6000000000006,104.460126257021,17.));
#4347=CARTESIAN_POINT('Ctrl Pts',(17.5997729392473,104.444355009128,17.));
#4348=CARTESIAN_POINT('Ctrl Pts',(17.5993189183399,104.428590542363,17.));
#4349=CARTESIAN_POINT('Origin',(-22.2811771609083,120.291928824826,16.8017544198635));
#4350=CARTESIAN_POINT('',(4.35356720060555,108.121784445932,17.));
#4351=CARTESIAN_POINT('',(4.16217797524924,107.711348927644,16.6035088397269));
#4352=CARTESIAN_POINT('',(4.35356720060555,108.121784445932,17.));
#4353=CARTESIAN_POINT('',(15.1398360545899,102.59238289664,16.6035088397269));
#4354=CARTESIAN_POINT('',(-22.3768717735864,120.086711065683,16.6035088397269));
#4355=CARTESIAN_POINT('',(15.3312252799462,103.002818414928,17.));
#4356=CARTESIAN_POINT('',(15.1398360545899,102.59238289664,16.6035088397269));
#4357=CARTESIAN_POINT('',(-22.1854825482301,120.49714658397,17.));
#4358=CARTESIAN_POINT('Ctrl Pts',(15.1621779726228,102.581967559646,16.603528351278));
#4359=CARTESIAN_POINT('Ctrl Pts',(15.1547299279087,102.585438723519,16.603515324815));
#4360=CARTESIAN_POINT('Ctrl Pts',(15.1472829773428,102.588910339531,16.6035088397269));
#4361=CARTESIAN_POINT('Ctrl Pts',(15.1398360545899,102.59238289664,16.6035088397269));
#4362=CARTESIAN_POINT('Ctrl Pts',(15.2243388095035,102.719583692528,16.7356855675187));
#4363=CARTESIAN_POINT('Ctrl Pts',(15.2174310248592,102.722775188342,16.73567688321));
#4364=CARTESIAN_POINT('Ctrl Pts',(15.2105291001965,102.725978781349,16.735672559818));
#4365=CARTESIAN_POINT('Ctrl Pts',(15.203632463042,102.72919473607,16.735672559818));
#4366=CARTESIAN_POINT('Ctrl Pts',(15.2864996463842,102.85719982541,16.8678427837593));
#4367=CARTESIAN_POINT('Ctrl Pts',(15.2801321218097,102.860111653164,16.867838441605));
#4368=CARTESIAN_POINT('Ctrl Pts',(15.2737752230503,102.863047223167,16.867836279909));
#4369=CARTESIAN_POINT('Ctrl Pts',(15.2674288714941,102.866006575499,16.867836279909));
#4370=CARTESIAN_POINT('Ctrl Pts',(15.348660483265,102.994815958292,17.));
#4371=CARTESIAN_POINT('Ctrl Pts',(15.3428332187602,102.997448117987,17.));
#4372=CARTESIAN_POINT('Ctrl Pts',(15.337021345904,103.000115664985,17.));
#4373=CARTESIAN_POINT('Ctrl Pts',(15.3312252799462,103.002818414928,17.));
#4374=CARTESIAN_POINT('Ctrl Pts',(15.1398360545899,102.59238289664,16.6035088397269));
#4375=CARTESIAN_POINT('Ctrl Pts',(15.1472829773428,102.588910339531,16.6035088397269));
#4376=CARTESIAN_POINT('Ctrl Pts',(15.1547299279087,102.585438723519,16.603515324815));
#4377=CARTESIAN_POINT('Ctrl Pts',(15.1621779726228,102.581967559646,16.603528351278));
#4378=CARTESIAN_POINT('Ctrl Pts',(15.348660483265,102.994815958292,17.));
#4379=CARTESIAN_POINT('Ctrl Pts',(15.3428332187602,102.997448117987,17.));
#4380=CARTESIAN_POINT('Ctrl Pts',(15.337021345904,103.000115664985,17.));
#4381=CARTESIAN_POINT('Ctrl Pts',(15.3312252799462,103.002818414928,17.));
#4382=CARTESIAN_POINT('Ctrl Pts',(4.13989946087574,107.721903111566,16.6034888643421));
#4383=CARTESIAN_POINT('Ctrl Pts',(3.45441522610998,108.051766458462,16.6022578216167));
#4384=CARTESIAN_POINT('Ctrl Pts',(2.99999999790569,108.79822804209,16.6000465193958));
#4385=CARTESIAN_POINT('Ctrl Pts',(3.,109.546435060207,16.6000008972298));
#4386=CARTESIAN_POINT('Ctrl Pts',(4.20367473389901,107.858669625922,16.7356592428947));
#4387=CARTESIAN_POINT('Ctrl Pts',(3.56781552961784,108.161986841506,16.7348385477444));
#4388=CARTESIAN_POINT('Ctrl Pts',(3.13932985881398,108.851148982141,16.7333643462639));
#4389=CARTESIAN_POINT('Ctrl Pts',(3.13356036054061,109.550281634611,16.7333339314865));
#4390=CARTESIAN_POINT('Ctrl Pts',(4.26745000692227,107.995436140277,16.8678296214474));
#4391=CARTESIAN_POINT('Ctrl Pts',(3.6812158331257,108.272207224551,16.8674192738722));
#4392=CARTESIAN_POINT('Ctrl Pts',(3.27865971972226,108.904069922191,16.8666821731319));
#4393=CARTESIAN_POINT('Ctrl Pts',(3.26712072108122,109.554128209014,16.8666669657432));
#4394=CARTESIAN_POINT('Ctrl Pts',(4.33122527994553,108.132202654633,17.));
#4395=CARTESIAN_POINT('Ctrl Pts',(3.79461613663356,108.382427607596,17.));
#4396=CARTESIAN_POINT('Ctrl Pts',(3.41798958063055,108.956990862241,17.));
#4397=CARTESIAN_POINT('Ctrl Pts',(3.40068108162183,109.557974783417,17.));
#4398=CARTESIAN_POINT('',(3.40068108162183,109.557974783417,17.));
#4399=CARTESIAN_POINT('',(3.40068108162183,109.557974783417,17.));
#4400=CARTESIAN_POINT('',(4.13989946087573,107.721903111566,16.6034888643421));
#4401=CARTESIAN_POINT('Ctrl Pts',(3.,109.546435060207,16.6000008972298));
#4402=CARTESIAN_POINT('Ctrl Pts',(2.99999999790569,108.79822804209,16.6000465193958));
#4403=CARTESIAN_POINT('Ctrl Pts',(3.45441522610998,108.051766458462,16.6022578216167));
#4404=CARTESIAN_POINT('Ctrl Pts',(4.13989946087574,107.721903111566,16.6034888643421));
#4405=CARTESIAN_POINT('',(4.33122527994553,108.132202654633,17.));
#4406=CARTESIAN_POINT('',(4.13989946087573,107.721903111566,16.6034888643421));
#4407=CARTESIAN_POINT('Ctrl Pts',(4.33122527994553,108.132202654633,17.));
#4408=CARTESIAN_POINT('Ctrl Pts',(3.79461613663356,108.382427607596,17.));
#4409=CARTESIAN_POINT('Ctrl Pts',(3.41798958063055,108.956990862241,17.));
#4410=CARTESIAN_POINT('Ctrl Pts',(3.40068108162183,109.557974783417,17.));
#4411=CARTESIAN_POINT('Ctrl Pts',(4.16217797524925,107.711348927644,16.6035088397269));
#4412=CARTESIAN_POINT('Ctrl Pts',(4.15473066836257,107.714821663878,16.6035088397269));
#4413=CARTESIAN_POINT('Ctrl Pts',(4.14730449424787,107.718339719488,16.6035021628426));
#4414=CARTESIAN_POINT('Ctrl Pts',(4.13989946087573,107.721903111566,16.6034888643421));
#4415=CARTESIAN_POINT('Ctrl Pts',(4.22597438370135,107.848160767073,16.735672559818));
#4416=CARTESIAN_POINT('Ctrl Pts',(4.21852707681467,107.851633503307,16.735672559818));
#4417=CARTESIAN_POINT('Ctrl Pts',(4.21109385844265,107.855136452458,16.7356681085618));
#4418=CARTESIAN_POINT('Ctrl Pts',(4.203674733899,107.858669625922,16.7356592428947));
#4419=CARTESIAN_POINT('Ctrl Pts',(4.28977079215345,107.984972606502,16.867836279909));
#4420=CARTESIAN_POINT('Ctrl Pts',(4.28232348526678,107.988445342736,16.867836279909));
#4421=CARTESIAN_POINT('Ctrl Pts',(4.27488322263742,107.991933185429,16.8678340542809));
#4422=CARTESIAN_POINT('Ctrl Pts',(4.26745000692226,107.995436140277,16.8678296214474));
#4423=CARTESIAN_POINT('Ctrl Pts',(4.35356720060555,108.121784445932,17.));
#4424=CARTESIAN_POINT('Ctrl Pts',(4.34611989371888,108.125257182165,17.));
#4425=CARTESIAN_POINT('Ctrl Pts',(4.3386725868322,108.128729918399,17.));
#4426=CARTESIAN_POINT('Ctrl Pts',(4.33122527994553,108.132202654633,17.));
#4427=CARTESIAN_POINT('Ctrl Pts',(4.13989946087573,107.721903111566,16.6034888643421));
#4428=CARTESIAN_POINT('Ctrl Pts',(4.14730449424787,107.718339719488,16.6035021628426));
#4429=CARTESIAN_POINT('Ctrl Pts',(4.15473066836257,107.714821663878,16.6035088397269));
#4430=CARTESIAN_POINT('Ctrl Pts',(4.16217797524925,107.711348927644,16.6035088397269));
#4431=CARTESIAN_POINT('Ctrl Pts',(4.35356720060555,108.121784445932,17.));
#4432=CARTESIAN_POINT('Ctrl Pts',(4.34611989371888,108.125257182165,17.));
#4433=CARTESIAN_POINT('Ctrl Pts',(4.3386725868322,108.128729918399,17.));
#4434=CARTESIAN_POINT('Ctrl Pts',(4.33122527994553,108.132202654633,17.));
#4435=CARTESIAN_POINT('Ctrl Pts',(3.,109.546435060207,16.6000008972298));
#4436=CARTESIAN_POINT('Ctrl Pts',(3.,109.566061349561,16.5999997005105));
#4437=CARTESIAN_POINT('Ctrl Pts',(3.,109.585671545358,16.6));
#4438=CARTESIAN_POINT('Ctrl Pts',(3.,109.605281744835,16.6));
#4439=CARTESIAN_POINT('Ctrl Pts',(3.13356036054061,109.550281634611,16.7333339314865));
#4440=CARTESIAN_POINT('Ctrl Pts',(3.13340902024681,109.568620649618,16.7333331336737));
#4441=CARTESIAN_POINT('Ctrl Pts',(3.13333333333333,109.586951195964,16.7333333333333));
#4442=CARTESIAN_POINT('Ctrl Pts',(3.13333333333333,109.605281744835,16.7333333333333));
#4443=CARTESIAN_POINT('Ctrl Pts',(3.26712072108122,109.554128209014,16.8666669657432));
#4444=CARTESIAN_POINT('Ctrl Pts',(3.26681804049361,109.571179949676,16.8666665668368));
#4445=CARTESIAN_POINT('Ctrl Pts',(3.26666666666667,109.58823084657,16.8666666666667));
#4446=CARTESIAN_POINT('Ctrl Pts',(3.26666666666667,109.605281744835,16.8666666666667));
#4447=CARTESIAN_POINT('Ctrl Pts',(3.40068108162183,109.557974783418,17.));
#4448=CARTESIAN_POINT('Ctrl Pts',(3.40022706074042,109.573739249734,17.));
#4449=CARTESIAN_POINT('Ctrl Pts',(3.4,109.589510497176,17.));
#4450=CARTESIAN_POINT('Ctrl Pts',(3.4,109.605281744835,17.));
#4451=CARTESIAN_POINT('Ctrl Pts',(3.40068108162183,109.557974783418,17.));
#4452=CARTESIAN_POINT('Ctrl Pts',(3.40022706074042,109.573739249734,17.));
#4453=CARTESIAN_POINT('Ctrl Pts',(3.4,109.589510497176,17.));
#4454=CARTESIAN_POINT('Ctrl Pts',(3.4,109.605281744835,17.));
#4455=CARTESIAN_POINT('Origin',(18.0000000000009,115.05,0.));
#4456=CARTESIAN_POINT('',(18.0000000000008,112.05,0.));
#4457=CARTESIAN_POINT('',(18.0000000000006,102.249612473801,1.8672540495787));
#4458=CARTESIAN_POINT('',(18.0000000000006,102.69041000398,4.86349080538738));
#4459=CARTESIAN_POINT('',(18.0000000000006,102.249612473801,0.));
#4460=CARTESIAN_POINT('',(18.0000000000006,102.249612473801,0.));
#4461=CARTESIAN_POINT('',(18.0000000000005,96.9322509939091,0.));
#4462=CARTESIAN_POINT('',(18.0000000000009,115.05,0.));
#4463=CARTESIAN_POINT('',(18.0000000000005,96.9322509939091,0.));
#4464=CARTESIAN_POINT('Origin',(16.0000000000006,102.69041000398,4.86349080538738));
#4465=CARTESIAN_POINT('',(15.1621779752498,100.433557889037,2.00012525297389));
#4466=CARTESIAN_POINT('',(15.1621779752498,100.893694873747,5.12781824556941));
#4467=CARTESIAN_POINT('Origin',(16.0000000000006,102.249612473801,1.86725404957869));
#4468=CARTESIAN_POINT('Origin',(-75.8077146158791,142.85349703897,2.00000000000001));
#4469=CARTESIAN_POINT('',(4.16217797524923,105.562923701894,2.00000000000031));
#4470=CARTESIAN_POINT('',(4.16217797524924,104.727528744892,-3.67843716086571));
#4471=CARTESIAN_POINT('',(15.1547634765192,100.436996899728,2.00000000000009));
#4472=CARTESIAN_POINT('',(-36.4038573079394,124.479176615431,2.00000000000112));
#4473=CARTESIAN_POINT('Origin',(16.0000000000006,102.249612473801,17.0000000000003));
#4474=CARTESIAN_POINT('Origin',(5.,106.524243875125,-3.94276460104774));
#4475=CARTESIAN_POINT('',(4.1547634765186,105.566381139433,1.99987363857159));
#4476=CARTESIAN_POINT('Origin',(5.,107.378996713506,1.86725404957876));
#4477=CARTESIAN_POINT('Origin',(5.,105.172240875581,-13.1327459504213));
#4478=CARTESIAN_POINT('Origin',(18.9554883466047,71.374645167184,17.));
#4479=CARTESIAN_POINT('Origin',(29.0821411353379,29.0821411353379,19.8030384493976));
#4480=CARTESIAN_POINT('',(49.7828564602016,29.082141135338,19.6060768987951));
#4481=CARTESIAN_POINT('Origin',(29.0821411353379,29.0821411353379,19.6060768987951));
#4482=CARTESIAN_POINT('',(49.3133971891349,29.0821411353379,20.));
#4483=CARTESIAN_POINT('',(49.5481268246683,29.0821411353379,19.8030384493976));
#4484=CARTESIAN_POINT('Origin',(29.0821411353379,29.0821411353379,20.));
#4485=CARTESIAN_POINT('Origin',(29.0821411353379,29.0821411353379,0.));
#4486=CARTESIAN_POINT('',(53.2399368050351,29.0821411353379,-9.81673418691737E-9));
#4487=CARTESIAN_POINT('',(53.2399368033042,29.0821411353379,0.));
#4488=CARTESIAN_POINT('Origin',(29.0821411353379,29.0821411353379,0.));
#4489=CARTESIAN_POINT('Origin',(29.0821411353379,29.0821411353379,0.));
#4490=CARTESIAN_POINT('Origin',(29.0821411353379,29.0821411353379,20.));
#4491=CARTESIAN_POINT('Origin',(17.9091082739343,79.9538490375465,17.));
#4492=CARTESIAN_POINT('',(18.7543447974157,81.7664646116198,0.));
#4493=CARTESIAN_POINT('Origin',(17.9091082739343,79.9538490375465,0.));
#4494=CARTESIAN_POINT('',(18.7543447974157,81.7664646116198,17.));
#4495=CARTESIAN_POINT('Origin',(20.7852017435413,80.8194604650242,0.));
#4496=CARTESIAN_POINT('',(5.8452365234814,87.7860806597075,0.));
#4497=CARTESIAN_POINT('',(37.1570771029289,73.1851296065825,0.));
#4498=CARTESIAN_POINT('',(5.8452365234814,87.7860806597075,0.));
#4499=CARTESIAN_POINT('Origin',(16.0000000000006,102.249612473801,0.));
#4500=CARTESIAN_POINT('',(15.1547634765192,100.436996899728,0.));
#4501=CARTESIAN_POINT('',(15.1547634765192,100.436996899728,0.));
#4502=CARTESIAN_POINT('Origin',(16.0000000000006,102.249612473801,0.));
#4503=CARTESIAN_POINT('Origin',(5.,85.9734650856342,0.));
#4504=CARTESIAN_POINT('Origin',(5.,85.9734650856342,0.));
#4505=CARTESIAN_POINT('Origin',(5.,107.378996713506,0.));
#4506=CARTESIAN_POINT('',(4.1547634765186,105.566381139433,0.));
#4507=CARTESIAN_POINT('Origin',(5.,107.378996713506,0.));
#4508=CARTESIAN_POINT('',(4.1547634765186,105.566381139433,0.));
#4509=CARTESIAN_POINT('Origin',(3.00000000000004,106.104856191891,0.));
#4510=CARTESIAN_POINT('',(31.5186368465617,92.8063974301983,0.));
#4511=CARTESIAN_POINT('Origin',(66.0000000000005,96.9322509939081,0.));
#4512=CARTESIAN_POINT('',(32.0588745030462,62.9911254969538,0.));
#4513=CARTESIAN_POINT('Origin',(66.0000000000005,96.9322509939081,0.));
#4514=CARTESIAN_POINT('',(32.0588745030462,62.9911254969538,0.));
#4515=CARTESIAN_POINT('Origin',(15.0000000000008,112.05,0.));
#4516=CARTESIAN_POINT('',(15.0000000000009,115.05,0.));
#4517=CARTESIAN_POINT('Origin',(3.00000000000086,115.05,0.));
#4518=CARTESIAN_POINT('Origin',(12.,83.05,0.));
#4519=CARTESIAN_POINT('',(12.,83.05,0.));
#4520=CARTESIAN_POINT('Origin',(43.025,43.025,0.));
#4521=CARTESIAN_POINT('',(4.5,7.5,0.));
#4522=CARTESIAN_POINT('Origin',(7.5,7.5,0.));
#4523=CARTESIAN_POINT('',(4.5,78.55,0.));
#4524=CARTESIAN_POINT('Origin',(7.5,78.55,0.));
#4525=CARTESIAN_POINT('',(75.55,7.5,0.));
#4526=CARTESIAN_POINT('Origin',(78.55,7.5,0.));
#4527=CARTESIAN_POINT('Origin',(7.5,7.5,-3.5));
#4528=CARTESIAN_POINT('',(4.5,7.5,-3.5));
#4529=CARTESIAN_POINT('Origin',(7.5,7.5,-3.5));
#4530=CARTESIAN_POINT('Origin',(7.5,7.5,-1.75));
#4531=CARTESIAN_POINT('',(4.5,7.5,-1.75));
#4532=CARTESIAN_POINT('Origin',(7.5,78.55,-3.5));
#4533=CARTESIAN_POINT('',(4.5,78.55,-3.5));
#4534=CARTESIAN_POINT('Origin',(7.5,78.55,-3.5));
#4535=CARTESIAN_POINT('Origin',(7.5,78.55,-1.75));
#4536=CARTESIAN_POINT('',(4.5,78.55,-1.75));
#4537=CARTESIAN_POINT('Origin',(78.55,7.5,-3.5));
#4538=CARTESIAN_POINT('',(75.55,7.5,-3.5));
#4539=CARTESIAN_POINT('Origin',(78.55,7.5,-3.5));
#4540=CARTESIAN_POINT('Origin',(78.55,7.5,-1.75));
#4541=CARTESIAN_POINT('',(75.55,7.5,-1.75));
#4542=CARTESIAN_POINT('',(78.55,7.5,-3.5));
#4543=CARTESIAN_POINT('',(7.5,7.5,-3.5));
#4544=CARTESIAN_POINT('',(7.5,78.55,-3.5));
#4545=CARTESIAN_POINT('',(-250.,-250.,16.));
#4546=UNCERTAINTY_MEASURE_WITH_UNIT(LENGTH_MEASURE(0.01),#4558,
'DISTANCE_ACCURACY_VALUE',
'Maximum model space distance between geometric entities at asserted c
onnectivities');
#4547=UNCERTAINTY_MEASURE_WITH_UNIT(LENGTH_MEASURE(0.01),#4558,
'DISTANCE_ACCURACY_VALUE',
'Maximum model space distance between geometric entities at asserted c
onnectivities');
#4548=UNCERTAINTY_MEASURE_WITH_UNIT(LENGTH_MEASURE(0.01),#4558,
'DISTANCE_ACCURACY_VALUE',
'Maximum model space distance between geometric entities at asserted c
onnectivities');
#4549=UNCERTAINTY_MEASURE_WITH_UNIT(LENGTH_MEASURE(0.01),#4558,
'DISTANCE_ACCURACY_VALUE',
'Maximum model space distance between geometric entities at asserted c
onnectivities');
#4550=UNCERTAINTY_MEASURE_WITH_UNIT(LENGTH_MEASURE(0.01),#4558,
'DISTANCE_ACCURACY_VALUE',
'Maximum model space distance between geometric entities at asserted c
onnectivities');
#4551=UNCERTAINTY_MEASURE_WITH_UNIT(LENGTH_MEASURE(0.01),#4558,
'DISTANCE_ACCURACY_VALUE',
'Maximum model space distance between geometric entities at asserted c
onnectivities');
#4552=(
GEOMETRIC_REPRESENTATION_CONTEXT(3)
GLOBAL_UNCERTAINTY_ASSIGNED_CONTEXT((#4546))
GLOBAL_UNIT_ASSIGNED_CONTEXT((#4558,#4560,#4561))
REPRESENTATION_CONTEXT('','3D')
);
#4553=(
GEOMETRIC_REPRESENTATION_CONTEXT(3)
GLOBAL_UNCERTAINTY_ASSIGNED_CONTEXT((#4547))
GLOBAL_UNIT_ASSIGNED_CONTEXT((#4558,#4560,#4561))
REPRESENTATION_CONTEXT('','3D')
);
#4554=(
GEOMETRIC_REPRESENTATION_CONTEXT(3)
GLOBAL_UNCERTAINTY_ASSIGNED_CONTEXT((#4548))
GLOBAL_UNIT_ASSIGNED_CONTEXT((#4558,#4560,#4561))
REPRESENTATION_CONTEXT('','3D')
);
#4555=(
GEOMETRIC_REPRESENTATION_CONTEXT(3)
GLOBAL_UNCERTAINTY_ASSIGNED_CONTEXT((#4549))
GLOBAL_UNIT_ASSIGNED_CONTEXT((#4558,#4560,#4561))
REPRESENTATION_CONTEXT('','3D')
);
#4556=(
GEOMETRIC_REPRESENTATION_CONTEXT(3)
GLOBAL_UNCERTAINTY_ASSIGNED_CONTEXT((#4550))
GLOBAL_UNIT_ASSIGNED_CONTEXT((#4558,#4560,#4561))
REPRESENTATION_CONTEXT('','3D')
);
#4557=(
GEOMETRIC_REPRESENTATION_CONTEXT(3)
GLOBAL_UNCERTAINTY_ASSIGNED_CONTEXT((#4551))
GLOBAL_UNIT_ASSIGNED_CONTEXT((#4558,#4560,#4561))
REPRESENTATION_CONTEXT('','3D')
);
#4558=(
LENGTH_UNIT()
NAMED_UNIT(*)
SI_UNIT(.MILLI.,.METRE.)
);
#4559=(
LENGTH_UNIT()
NAMED_UNIT(*)
SI_UNIT($,.METRE.)
);
#4560=(
NAMED_UNIT(*)
PLANE_ANGLE_UNIT()
SI_UNIT($,.RADIAN.)
);
#4561=(
NAMED_UNIT(*)
SI_UNIT($,.STERADIAN.)
SOLID_ANGLE_UNIT()
);
#4562=SHAPE_DEFINITION_REPRESENTATION(#4567,#4576);
#4563=SHAPE_DEFINITION_REPRESENTATION(#4568,#4577);
#4564=SHAPE_DEFINITION_REPRESENTATION(#4569,#4578);
#4565=SHAPE_DEFINITION_REPRESENTATION(#4570,#4579);
#4566=SHAPE_DEFINITION_REPRESENTATION(#4571,#4580);
#4567=PRODUCT_DEFINITION_SHAPE('',$,#4582);
#4568=PRODUCT_DEFINITION_SHAPE('',$,#4583);
#4569=PRODUCT_DEFINITION_SHAPE('',$,#4584);
#4570=PRODUCT_DEFINITION_SHAPE('',$,#4585);
#4571=PRODUCT_DEFINITION_SHAPE('',$,#4586);
#4572=PRODUCT_DEFINITION_SHAPE($,$,#23);
#4573=PRODUCT_DEFINITION_SHAPE($,$,#24);
#4574=PRODUCT_DEFINITION_SHAPE($,$,#25);
#4575=PRODUCT_DEFINITION_SHAPE($,$,#26);
#4576=SHAPE_REPRESENTATION('',(#2401,#2623),#4552);
#4577=SHAPE_REPRESENTATION('',(#2402,#2620,#2621,#2622),#4553);
#4578=SHAPE_REPRESENTATION('',(#2403),#4554);
#4579=SHAPE_REPRESENTATION('',(#2431),#4555);
#4580=SHAPE_REPRESENTATION('',(#2459),#4556);
#4581=PRODUCT_DEFINITION_CONTEXT('part definition',#4598,'design');
#4582=PRODUCT_DEFINITION('Stacking Foot','Stacking Foot v3',#4587,#4581);
#4583=PRODUCT_DEFINITION('Stacking Foot ','Stacking Foot ',#4588,#4581);
#4584=PRODUCT_DEFINITION(
'DIN EN ISO 7380-1 - M3 x 16 Stainless Steel A2 Plain',
'Hexagon Socket Button Head Screw DIN EN ISO 7380-1 - M3 x 16 Stainles
s Steel A2 Plain v1',#4589,#4581);
#4585=PRODUCT_DEFINITION(
'DIN EN ISO 7380-1 - M3 x 16 Stainless Steel A2 Plain_1',
'Hexagon Socket Button Head Screw DIN EN ISO 7380-1 - M3 x 16 Stainles
s Steel A2 Plain v1 (1)',#4590,#4581);
#4586=PRODUCT_DEFINITION(
'DIN EN ISO 7380-1 - M3 x 16 Stainless Steel A2 Plain_2',
'Hexagon Socket Button Head Screw DIN EN ISO 7380-1 - M3 x 16 Stainles
s Steel A2 Plain v1 (2)',#4591,#4581);
#4587=PRODUCT_DEFINITION_FORMATION('',$,#4600);
#4588=PRODUCT_DEFINITION_FORMATION('',$,#4601);
#4589=PRODUCT_DEFINITION_FORMATION('',$,#4602);
#4590=PRODUCT_DEFINITION_FORMATION('',$,#4603);
#4591=PRODUCT_DEFINITION_FORMATION('',$,#4604);
#4592=PRODUCT_RELATED_PRODUCT_CATEGORY('Stacking Foot v3',
'Stacking Foot v3',(#4600));
#4593=PRODUCT_RELATED_PRODUCT_CATEGORY('Stacking Foot ',
'Stacking Foot ',(#4601));
#4594=PRODUCT_RELATED_PRODUCT_CATEGORY(
'Hexagon Socket Button Head Screw DIN EN ISO 7380-1 - M3 x 16 Stainles
s Steel A2 Plain v1',
'Hexagon Socket Button Head Screw DIN EN ISO 7380-1 - M3 x 16 Stainles
s Steel A2 Plain v1',(#4602));
#4595=PRODUCT_RELATED_PRODUCT_CATEGORY(
'Hexagon Socket Button Head Screw DIN EN ISO 7380-1 - M3 x 16 Stainles
s Steel A2 Plain v1 (1)',
'Hexagon Socket Button Head Screw DIN EN ISO 7380-1 - M3 x 16 Stainles
s Steel A2 Plain v1 (1)',(#4603));
#4596=PRODUCT_RELATED_PRODUCT_CATEGORY(
'Hexagon Socket Button Head Screw DIN EN ISO 7380-1 - M3 x 16 Stainles
s Steel A2 Plain v1 (2)',
'Hexagon Socket Button Head Screw DIN EN ISO 7380-1 - M3 x 16 Stainles
s Steel A2 Plain v1 (2)',(#4604));
#4597=APPLICATION_PROTOCOL_DEFINITION('international standard',
'automotive_design',2009,#4598);
#4598=APPLICATION_CONTEXT(
'Core Data for Automotive Mechanical Design Process');
#4599=PRODUCT_CONTEXT('part definition',#4598,'mechanical');
#4600=PRODUCT('Stacking Foot','Stacking Foot v3',$,(#4599));
#4601=PRODUCT('Stacking Foot ','Stacking Foot ',$,(#4599));
#4602=PRODUCT('DIN EN ISO 7380-1 - M3 x 16 Stainless Steel A2 Plain',
'Hexagon Socket Button Head Screw DIN EN ISO 7380-1 - M3 x 16 Stainles
s Steel A2 Plain v1',
'Hexagon Socket Button Head Screw DIN EN ISO 7380-1 - M3 x 16',(#4599));
#4603=PRODUCT('DIN EN ISO 7380-1 - M3 x 16 Stainless Steel A2 Plain_1',

'Hexagon Socket Button Head Screw DIN EN ISO 7380-1 - M3 x 16 Stainles
s Steel A2 Plain v1 (1)',
'Hexagon Socket Button Head Screw DIN EN ISO 7380-1 - M3 x 16',(#4599));
#4604=PRODUCT('DIN EN ISO 7380-1 - M3 x 16 Stainless Steel A2 Plain_2',

'Hexagon Socket Button Head Screw DIN EN ISO 7380-1 - M3 x 16 Stainles
s Steel A2 Plain v1 (2)',
'Hexagon Socket Button Head Screw DIN EN ISO 7380-1 - M3 x 16',(#4599));
#4605=PRESENTATION_STYLE_ASSIGNMENT((#4608));
#4606=PRESENTATION_STYLE_ASSIGNMENT((#4609));
#4607=PRESENTATION_STYLE_ASSIGNMENT((#4610));
#4608=SURFACE_STYLE_USAGE(.BOTH.,#4611);
#4609=SURFACE_STYLE_USAGE(.BOTH.,#4612);
#4610=SURFACE_STYLE_USAGE(.BOTH.,#4613);
#4611=SURFACE_SIDE_STYLE('',(#4614));
#4612=SURFACE_SIDE_STYLE('',(#4615));
#4613=SURFACE_SIDE_STYLE('',(#4616));
#4614=SURFACE_STYLE_FILL_AREA(#4617);
#4615=SURFACE_STYLE_FILL_AREA(#4618);
#4616=SURFACE_STYLE_FILL_AREA(#4619);
#4617=FILL_AREA_STYLE('Steel - Satin',(#4620));
#4618=FILL_AREA_STYLE('Paint - Metal Flake (Dark Grey)',(#4621));
#4619=FILL_AREA_STYLE('Stainless Steel - Satin',(#4622));
#4620=FILL_AREA_STYLE_COLOUR('Steel - Satin',#4623);
#4621=FILL_AREA_STYLE_COLOUR('Paint - Metal Flake (Dark Grey)',#4624);
#4622=FILL_AREA_STYLE_COLOUR('Stainless Steel - Satin',#4625);
#4623=COLOUR_RGB('Steel - Satin',0.627450980392157,0.627450980392157,0.627450980392157);
#4624=COLOUR_RGB('Paint - Metal Flake (Dark Grey)',0.349019607843137,0.349019607843137,
0.349019607843137);
#4625=COLOUR_RGB('Stainless Steel - Satin',0.796078431372549,0.796078431372549,
0.796078431372549);
ENDSEC;
END-ISO-10303-21;
